cota_id;ocorrencia_id;fracao;valor_indicado_m;estado_leitura;face_referida;referencial_altimetrico;cota_base_sapata_m;evidencia_id;observacoes
COTA-OBS-D01-A-S3-05;OBS-D01-A-S3-05;A;-1,50;CONFIRMADO;PENDENTE;PENDENTE;PENDENTE;IMP-COTA-A;Valor da chamada na planta, não convertido em fundo de escavação, face superior/inferior ou altura de pilar. Confirmar convenção limpo/tosco e origem altimétrica.
COTA-OBS-D01-B-S3-05;OBS-D01-B-S3-05;B;-1,50;CONFIRMADO;PENDENTE;PENDENTE;PENDENTE;IMP-COTA-B;Valor da chamada na planta, não convertido em fundo de escavação, face superior/inferior ou altura de pilar. Confirmar convenção limpo/tosco e origem altimétrica.
COTA-OBS-D01-C-S3-05;OBS-D01-C-S3-05;C;-1,50;CONFIRMADO;PENDENTE;PENDENTE;PENDENTE;IMP-COTA-C;Valor da chamada na planta, não convertido em fundo de escavação, face superior/inferior ou altura de pilar. Confirmar convenção limpo/tosco e origem altimétrica.
COTA-OBS-D02-E-S3-05;OBS-D02-E-S3-05;D;PENDENTE;PENDENTE;PENDENTE;PENDENTE;PENDENTE;IMP-COTA-D;Valor da chamada na planta, não convertido em fundo de escavação, face superior/inferior ou altura de pilar. Confirmar convenção limpo/tosco e origem altimétrica.
COTA-OBS-D02-D-S3-05;OBS-D02-D-S3-05;E;-2,00;CONFIRMADO;PENDENTE;PENDENTE;PENDENTE;IMP-COTA-E;Valor da chamada na planta, não convertido em fundo de escavação, face superior/inferior ou altura de pilar. Confirmar convenção limpo/tosco e origem altimétrica.
COTA-OBS-D03-G-S3-05;OBS-D03-G-S3-05;G;-1,50;CONFIRMADO;PENDENTE;PENDENTE;PENDENTE;IMP-COTA-G;Valor da chamada na planta, não convertido em fundo de escavação, face superior/inferior ou altura de pilar. Confirmar convenção limpo/tosco e origem altimétrica.
COTA-OBS-D03-F-S3-05;OBS-D03-F-S3-05;F;-2,00;CONFIRMADO;PENDENTE;PENDENTE;PENDENTE;IMP-COTA-F;Valor da chamada na planta, não convertido em fundo de escavação, face superior/inferior ou altura de pilar. Confirmar convenção limpo/tosco e origem altimétrica.
COTA-OBS-D04-J-S3-05;OBS-D04-J-S3-05;J;-1,50;CONFIRMADO;PENDENTE;PENDENTE;PENDENTE;IMP-COTA-J;Valor da chamada na planta, não convertido em fundo de escavação, face superior/inferior ou altura de pilar. Confirmar convenção limpo/tosco e origem altimétrica.
COTA-OBS-D04-I-S3-05;OBS-D04-I-S3-05;I;-1,50;CONFIRMADO;PENDENTE;PENDENTE;PENDENTE;IMP-COTA-I;Valor da chamada na planta, não convertido em fundo de escavação, face superior/inferior ou altura de pilar. Confirmar convenção limpo/tosco e origem altimétrica.
COTA-OBS-D04-H-S3-05;OBS-D04-H-S3-05;H;-1,50;CONFIRMADO;PENDENTE;PENDENTE;PENDENTE;IMP-COTA-H;Valor da chamada na planta, não convertido em fundo de escavação, face superior/inferior ou altura de pilar. Confirmar convenção limpo/tosco e origem altimétrica.
