intervalo_id;desenho;grupo;direcao;eixo_inicial;eixo_final;distancia_m;estado;evidencia_id
D01-NUMERICOS-1-2;01;NUMERICOS;HORIZONTAL_NA_PRANCHA;1;2;4,05;CONFIRMADO;IMP-D01-GRADE
D01-NUMERICOS-2-3;01;NUMERICOS;HORIZONTAL_NA_PRANCHA;2;3;1,13;CONFIRMADO;IMP-D01-GRADE
D01-NUMERICOS-3-4;01;NUMERICOS;HORIZONTAL_NA_PRANCHA;3;4;2,40;CONFIRMADO;IMP-D01-GRADE
D01-NUMERICOS-4-5;01;NUMERICOS;HORIZONTAL_NA_PRANCHA;4;5;2,02;CONFIRMADO;IMP-D01-GRADE
D01-NUMERICOS-5-6;01;NUMERICOS;HORIZONTAL_NA_PRANCHA;5;6;2,55;CONFIRMADO;IMP-D01-GRADE
D01-NUMERICOS-6-7;01;NUMERICOS;HORIZONTAL_NA_PRANCHA;6;7;3,28;CONFIRMADO;IMP-D01-GRADE
D01-NUMERICOS-7-8;01;NUMERICOS;HORIZONTAL_NA_PRANCHA;7;8;2,11;CONFIRMADO;IMP-D01-GRADE
D01-NUMERICOS-8-9;01;NUMERICOS;HORIZONTAL_NA_PRANCHA;8;9;7,84;CONFIRMADO;IMP-D01-GRADE
D01-NUMERICOS-9-10;01;NUMERICOS;HORIZONTAL_NA_PRANCHA;9;10;4,05;CONFIRMADO;IMP-D01-GRADE
D01-NUMERICOS-10-11;01;NUMERICOS;HORIZONTAL_NA_PRANCHA;10;11;1,13;CONFIRMADO;IMP-D01-GRADE
D01-NUMERICOS-11-12;01;NUMERICOS;HORIZONTAL_NA_PRANCHA;11;12;2,40;CONFIRMADO;IMP-D01-GRADE
D01-NUMERICOS-12-13;01;NUMERICOS;HORIZONTAL_NA_PRANCHA;12;13;2,02;CONFIRMADO;IMP-D01-GRADE
D01-NUMERICOS-13-14;01;NUMERICOS;HORIZONTAL_NA_PRANCHA;13;14;2,55;CONFIRMADO;IMP-D01-GRADE
D01-NUMERICOS-14-15;01;NUMERICOS;HORIZONTAL_NA_PRANCHA;14;15;3,28;CONFIRMADO;IMP-D01-GRADE
D01-NUMERICOS-15-16;01;NUMERICOS;HORIZONTAL_NA_PRANCHA;15;16;2,11;CONFIRMADO;IMP-D01-GRADE
D01-NUMERICOS-16-17;01;NUMERICOS;HORIZONTAL_NA_PRANCHA;16;17;5,09;CONFIRMADO;IMP-D01-GRADE
D01-NUMERICOS-17-18;01;NUMERICOS;HORIZONTAL_NA_PRANCHA;17;18;2,11;CONFIRMADO;IMP-D01-GRADE
D01-NUMERICOS-18-19;01;NUMERICOS;HORIZONTAL_NA_PRANCHA;18;19;3,28;CONFIRMADO;IMP-D01-GRADE
D01-NUMERICOS-19-20;01;NUMERICOS;HORIZONTAL_NA_PRANCHA;19;20;2,55;CONFIRMADO;IMP-D01-GRADE
D01-NUMERICOS-20-21;01;NUMERICOS;HORIZONTAL_NA_PRANCHA;20;21;2,02;CONFIRMADO;IMP-D01-GRADE
D01-NUMERICOS-21-22;01;NUMERICOS;HORIZONTAL_NA_PRANCHA;21;22;2,40;CONFIRMADO;IMP-D01-GRADE
D01-NUMERICOS-22-23;01;NUMERICOS;HORIZONTAL_NA_PRANCHA;22;23;1,13;CONFIRMADO;IMP-D01-GRADE
D01-NUMERICOS-23-24;01;NUMERICOS;HORIZONTAL_NA_PRANCHA;23;24;4,43;CONFIRMADO;IMP-D01-GRADE
D02-NUMERICOS-25-26;02;NUMERICOS;HORIZONTAL_NA_PRANCHA;25;26;4,43;CONFIRMADO;IMP-D02-GRADE
D02-NUMERICOS-26-27;02;NUMERICOS;HORIZONTAL_NA_PRANCHA;26;27;1,13;CONFIRMADO;IMP-D02-GRADE
D02-NUMERICOS-27-28;02;NUMERICOS;HORIZONTAL_NA_PRANCHA;27;28;2,40;CONFIRMADO;IMP-D02-GRADE
D02-NUMERICOS-28-29;02;NUMERICOS;HORIZONTAL_NA_PRANCHA;28;29;2,02;CONFIRMADO;IMP-D02-GRADE
D02-NUMERICOS-29-30;02;NUMERICOS;HORIZONTAL_NA_PRANCHA;29;30;2,55;CONFIRMADO;IMP-D02-GRADE
D02-NUMERICOS-30-31;02;NUMERICOS;HORIZONTAL_NA_PRANCHA;30;31;3,28;CONFIRMADO;IMP-D02-GRADE
D02-NUMERICOS-31-32;02;NUMERICOS;HORIZONTAL_NA_PRANCHA;31;32;2,11;CONFIRMADO;IMP-D02-GRADE
D02-NUMERICOS-32-33;02;NUMERICOS;HORIZONTAL_NA_PRANCHA;32;33;5,84;CONFIRMADO;IMP-D02-GRADE
D02-NUMERICOS-33-34;02;NUMERICOS;HORIZONTAL_NA_PRANCHA;33;34;2,11;CONFIRMADO;IMP-D02-GRADE
D02-NUMERICOS-34-35;02;NUMERICOS;HORIZONTAL_NA_PRANCHA;34;35;3,28;CONFIRMADO;IMP-D02-GRADE
D02-NUMERICOS-35-36;02;NUMERICOS;HORIZONTAL_NA_PRANCHA;35;36;2,55;CONFIRMADO;IMP-D02-GRADE
D02-NUMERICOS-36-37;02;NUMERICOS;HORIZONTAL_NA_PRANCHA;36;37;2,02;CONFIRMADO;IMP-D02-GRADE
D02-NUMERICOS-37-38;02;NUMERICOS;HORIZONTAL_NA_PRANCHA;37;38;2,40;CONFIRMADO;IMP-D02-GRADE
D02-NUMERICOS-38-39;02;NUMERICOS;HORIZONTAL_NA_PRANCHA;38;39;1,13;CONFIRMADO;IMP-D02-GRADE
D02-NUMERICOS-39-40;02;NUMERICOS;HORIZONTAL_NA_PRANCHA;39;40;4,05;CONFIRMADO;IMP-D02-GRADE
D03-NUMERICOS-25'-26';03;NUMERICOS;HORIZONTAL_NA_PRANCHA;25';26';4,05;CONFIRMADO;IMP-D03-GRADE
D03-NUMERICOS-26'-27';03;NUMERICOS;HORIZONTAL_NA_PRANCHA;26';27';1,13;CONFIRMADO;IMP-D03-GRADE
D03-NUMERICOS-27'-28';03;NUMERICOS;HORIZONTAL_NA_PRANCHA;27';28';2,40;CONFIRMADO;IMP-D03-GRADE
D03-NUMERICOS-28'-29';03;NUMERICOS;HORIZONTAL_NA_PRANCHA;28';29';2,02;CONFIRMADO;IMP-D03-GRADE
D03-NUMERICOS-29'-30';03;NUMERICOS;HORIZONTAL_NA_PRANCHA;29';30';2,55;CONFIRMADO;IMP-D03-GRADE
D03-NUMERICOS-30'-31';03;NUMERICOS;HORIZONTAL_NA_PRANCHA;30';31';3,28;CONFIRMADO;IMP-D03-GRADE
D03-NUMERICOS-31'-32';03;NUMERICOS;HORIZONTAL_NA_PRANCHA;31';32';2,11;CONFIRMADO;IMP-D03-GRADE
D03-NUMERICOS-32'-33';03;NUMERICOS;HORIZONTAL_NA_PRANCHA;32';33';10,84;CONFIRMADO;IMP-D03-GRADE
D03-NUMERICOS-33'-34';03;NUMERICOS;HORIZONTAL_NA_PRANCHA;33';34';2,11;CONFIRMADO;IMP-D03-GRADE
D03-NUMERICOS-34'-35';03;NUMERICOS;HORIZONTAL_NA_PRANCHA;34';35';3,28;CONFIRMADO;IMP-D03-GRADE
D03-NUMERICOS-35'-36';03;NUMERICOS;HORIZONTAL_NA_PRANCHA;35';36';2,55;CONFIRMADO;IMP-D03-GRADE
D03-NUMERICOS-36'-37';03;NUMERICOS;HORIZONTAL_NA_PRANCHA;36';37';2,02;CONFIRMADO;IMP-D03-GRADE
D03-NUMERICOS-37'-38';03;NUMERICOS;HORIZONTAL_NA_PRANCHA;37';38';2,40;CONFIRMADO;IMP-D03-GRADE
D03-NUMERICOS-38'-39';03;NUMERICOS;HORIZONTAL_NA_PRANCHA;38';39';1,13;CONFIRMADO;IMP-D03-GRADE
D03-NUMERICOS-39'-40';03;NUMERICOS;HORIZONTAL_NA_PRANCHA;39';40';5,55;CONFIRMADO;IMP-D03-GRADE
D04-NUMERICOS-1'-2';04;NUMERICOS;HORIZONTAL_NA_PRANCHA;1';2';5,55;CONFIRMADO;IMP-D04-GRADE
D04-NUMERICOS-2'-3';04;NUMERICOS;HORIZONTAL_NA_PRANCHA;2';3';1,13;CONFIRMADO;IMP-D04-GRADE
D04-NUMERICOS-3'-4';04;NUMERICOS;HORIZONTAL_NA_PRANCHA;3';4';2,40;CONFIRMADO;IMP-D04-GRADE
D04-NUMERICOS-4'-5';04;NUMERICOS;HORIZONTAL_NA_PRANCHA;4';5';2,02;CONFIRMADO;IMP-D04-GRADE
D04-NUMERICOS-5'-6';04;NUMERICOS;HORIZONTAL_NA_PRANCHA;5';6';2,55;CONFIRMADO;IMP-D04-GRADE
D04-NUMERICOS-6'-7';04;NUMERICOS;HORIZONTAL_NA_PRANCHA;6';7';3,28;CONFIRMADO;IMP-D04-GRADE
D04-NUMERICOS-7'-8';04;NUMERICOS;HORIZONTAL_NA_PRANCHA;7';8';2,11;CONFIRMADO;IMP-D04-GRADE
D04-NUMERICOS-8'-9';04;NUMERICOS;HORIZONTAL_NA_PRANCHA;8';9';7,81;CONFIRMADO;IMP-D04-GRADE
D04-NUMERICOS-9'-10';04;NUMERICOS;HORIZONTAL_NA_PRANCHA;9';10';4,05;CONFIRMADO;IMP-D04-GRADE
D04-NUMERICOS-10'-11';04;NUMERICOS;HORIZONTAL_NA_PRANCHA;10';11';1,13;CONFIRMADO;IMP-D04-GRADE
D04-NUMERICOS-11'-12';04;NUMERICOS;HORIZONTAL_NA_PRANCHA;11';12';2,40;CONFIRMADO;IMP-D04-GRADE
D04-NUMERICOS-12'-13';04;NUMERICOS;HORIZONTAL_NA_PRANCHA;12';13';2,02;CONFIRMADO;IMP-D04-GRADE
D04-NUMERICOS-13'-14';04;NUMERICOS;HORIZONTAL_NA_PRANCHA;13';14';2,55;CONFIRMADO;IMP-D04-GRADE
D04-NUMERICOS-14'-15';04;NUMERICOS;HORIZONTAL_NA_PRANCHA;14';15';3,28;CONFIRMADO;IMP-D04-GRADE
D04-NUMERICOS-15'-16';04;NUMERICOS;HORIZONTAL_NA_PRANCHA;15';16';2,11;CONFIRMADO;IMP-D04-GRADE
D04-NUMERICOS-16'-17';04;NUMERICOS;HORIZONTAL_NA_PRANCHA;16';17';7,79;CONFIRMADO;IMP-D04-GRADE
D04-NUMERICOS-17'-18';04;NUMERICOS;HORIZONTAL_NA_PRANCHA;17';18';4,05;CONFIRMADO;IMP-D04-GRADE
D04-NUMERICOS-18'-19';04;NUMERICOS;HORIZONTAL_NA_PRANCHA;18';19';1,13;CONFIRMADO;IMP-D04-GRADE
D04-NUMERICOS-19'-20';04;NUMERICOS;HORIZONTAL_NA_PRANCHA;19';20';2,40;CONFIRMADO;IMP-D04-GRADE
D04-NUMERICOS-20'-21';04;NUMERICOS;HORIZONTAL_NA_PRANCHA;20';21';2,02;CONFIRMADO;IMP-D04-GRADE
D04-NUMERICOS-21'-22';04;NUMERICOS;HORIZONTAL_NA_PRANCHA;21';22';2,55;CONFIRMADO;IMP-D04-GRADE
D04-NUMERICOS-22'-23';04;NUMERICOS;HORIZONTAL_NA_PRANCHA;22';23';3,28;CONFIRMADO;IMP-D04-GRADE
D04-NUMERICOS-23'-24';04;NUMERICOS;HORIZONTAL_NA_PRANCHA;23';24';2,11;CONFIRMADO;IMP-D04-GRADE
D01-ABC-A-B;01;ABC;VERTICAL_NA_PRANCHA;A;B;3,78;CONFIRMADO;IMP-D01-GRADE
D01-ABC-B-C;01;ABC;VERTICAL_NA_PRANCHA;B;C;5,66;CONFIRMADO;IMP-D01-GRADE
D01-ABC-C-D;01;ABC;VERTICAL_NA_PRANCHA;C;D;5,34;CONFIRMADO;IMP-D01-GRADE
D01-ABC-D-E;01;ABC;VERTICAL_NA_PRANCHA;D;E;2,64;CONFIRMADO;IMP-D01-GRADE
D01-ABC-E-F;01;ABC;VERTICAL_NA_PRANCHA;E;F;3,71;CONFIRMADO;IMP-D01-GRADE
D01-ABC-F-G;01;ABC;VERTICAL_NA_PRANCHA;F;G;1,76;CONFIRMADO;IMP-D01-GRADE
D02-D-A-B;02;D;VERTICAL_NA_PRANCHA;A;B;3,78;CONFIRMADO;IMP-D02-GRADE
D02-D-B-C;02;D;VERTICAL_NA_PRANCHA;B;C;5,66;CONFIRMADO;IMP-D02-GRADE
D02-D-C-D;02;D;VERTICAL_NA_PRANCHA;C;D;5,34;CONFIRMADO;IMP-D02-GRADE
D02-D-D-E;02;D;VERTICAL_NA_PRANCHA;D;E;2,64;CONFIRMADO;IMP-D02-GRADE
D02-D-E-F;02;D;VERTICAL_NA_PRANCHA;E;F;3,71;CONFIRMADO;IMP-D02-GRADE
D02-D-F-G;02;D;VERTICAL_NA_PRANCHA;F;G;1,76;CONFIRMADO;IMP-D02-GRADE
D02-E-A''-B'';02;E;VERTICAL_NA_PRANCHA;A'';B'';3,75;CONFIRMADO;IMP-D02-GRADE
D02-E-B''-C'';02;E;VERTICAL_NA_PRANCHA;B'';C'';5,66;CONFIRMADO;IMP-D02-GRADE
D02-E-C''-D'';02;E;VERTICAL_NA_PRANCHA;C'';D'';5,34;CONFIRMADO;IMP-D02-GRADE
D02-E-D''-E'';02;E;VERTICAL_NA_PRANCHA;D'';E'';2,64;CONFIRMADO;IMP-D02-GRADE
D02-E-E''-F'';02;E;VERTICAL_NA_PRANCHA;E'';F'';3,71;CONFIRMADO;IMP-D02-GRADE
D02-E-F''-G'';02;E;VERTICAL_NA_PRANCHA;F'';G'';1,76;CONFIRMADO;IMP-D02-GRADE
D03-FG-A'-B';03;FG;VERTICAL_NA_PRANCHA;A';B';3,78;CONFIRMADO;IMP-D03-GRADE
D03-FG-B'-C';03;FG;VERTICAL_NA_PRANCHA;B';C';5,66;CONFIRMADO;IMP-D03-GRADE
D03-FG-C'-D';03;FG;VERTICAL_NA_PRANCHA;C';D';5,34;CONFIRMADO;IMP-D03-GRADE
D03-FG-D'-E';03;FG;VERTICAL_NA_PRANCHA;D';E';2,64;CONFIRMADO;IMP-D03-GRADE
D03-FG-E'-F';03;FG;VERTICAL_NA_PRANCHA;E';F';3,71;CONFIRMADO;IMP-D03-GRADE
D03-FG-F'-G';03;FG;VERTICAL_NA_PRANCHA;F';G';1,76;CONFIRMADO;IMP-D03-GRADE
D04-HIJ-A'-B';04;HIJ;VERTICAL_NA_PRANCHA;A';B';3,78;CONFIRMADO;IMP-D04-GRADE
D04-HIJ-B'-C';04;HIJ;VERTICAL_NA_PRANCHA;B';C';5,66;CONFIRMADO;IMP-D04-GRADE
D04-HIJ-C'-D';04;HIJ;VERTICAL_NA_PRANCHA;C';D';5,34;CONFIRMADO;IMP-D04-GRADE
D04-HIJ-D'-E';04;HIJ;VERTICAL_NA_PRANCHA;D';E';2,64;CONFIRMADO;IMP-D04-GRADE
D04-HIJ-E'-F';04;HIJ;VERTICAL_NA_PRANCHA;E';F';3,71;CONFIRMADO;IMP-D04-GRADE
D04-HIJ-F'-G';04;HIJ;VERTICAL_NA_PRANCHA;F';G';1,76;CONFIRMADO;IMP-D04-GRADE
