fracao;desenho_fundacoes;eixo_numerico_inicial;eixo_numerico_final;eixo_alfabetico_inicial;eixo_alfabetico_final;evidencia_fundacoes;evidencia_identidade;estado
A;01;1;8;A;G;IMP-D01-GRADE;IMP-FRACAO-A;CONFIRMADO
B;01;9;16;A;G;IMP-D01-GRADE;IMP-FRACAO-B;CONFIRMADO
C;01;17;24;A;G;IMP-D01-GRADE;IMP-FRACAO-C;CONFIRMADO
D;02;25;32;A;G;IMP-D02-GRADE;IMP-FRACAO-D;CONFIRMADO
E;02;33;40;A'';G'';IMP-D02-GRADE;IMP-FRACAO-E;CONFIRMADO
F;03;33';40';A';G';IMP-D03-GRADE;IMP-FRACAO-F;CONFIRMADO
G;03;25';32';A';G';IMP-D03-GRADE;IMP-FRACAO-G;CONFIRMADO
H;04;17';24';A';G';IMP-D04-GRADE;IMP-FRACAO-H;CONFIRMADO
I;04;9';16';A';G';IMP-D04-GRADE;IMP-FRACAO-I;CONFIRMADO
J;04;1';8';A';G';IMP-D04-GRADE;IMP-FRACAO-J;CONFIRMADO
