ocorrencia_id;fracao;tipo_id;forma_nominal;dimensao_horizontal_nominal_m;dimensao_vertical_nominal_m;espessura_nominal_m;origem_dimensoes;origem_coordenadas_poligono;poligono_liquido;descontos_intersecoes;volume_liquido_m3;estado_limites_liquidos;evidencia_planta;evidencia_tipo;observacoes
OBS-D01-A-S1-01;A;D01-S1;POLIGONO_A_CONFIRMAR;PENDENTE;PENDENTE;0,40;MAPA_TIPO_E_ORIENTACAO_PLANTA;PENDENTE;PENDENTE;PENDENTE;PENDENTE;PENDENTE;IMP-D01-GRADE;D01-MAPA-SAPATAS;Dimensão nominal de projeto não é limite líquido nem volume final. S3/P7 aparece rodada em planta. Descontar encontros com fundações contínuas, vigas e outras sapatas apenas após compatibilização.
OBS-D01-A-S2-01;A;D01-S2;RETANGULO_NOMINAL;5,00;2,90;0,60;MAPA_TIPO_E_ORIENTACAO_PLANTA;PENDENTE;PENDENTE;PENDENTE;PENDENTE;PENDENTE;IMP-D01-GRADE;D01-MAPA-SAPATAS;Dimensão nominal de projeto não é limite líquido nem volume final. S3/P7 aparece rodada em planta. Descontar encontros com fundações contínuas, vigas e outras sapatas apenas após compatibilização.
OBS-D01-A-S3-01;A;D01-S3;RETANGULO_NOMINAL;1,80;1,50;0,40;MAPA_TIPO_E_ORIENTACAO_PLANTA;PENDENTE;PENDENTE;PENDENTE;PENDENTE;PENDENTE;IMP-D01-GRADE;D01-MAPA-SAPATAS;Dimensão nominal de projeto não é limite líquido nem volume final. S3/P7 aparece rodada em planta. Descontar encontros com fundações contínuas, vigas e outras sapatas apenas após compatibilização.
OBS-D01-A-S3-02;A;D01-S3;RETANGULO_NOMINAL;1,50;1,80;0,40;MAPA_TIPO_E_ORIENTACAO_PLANTA;PENDENTE;PENDENTE;PENDENTE;PENDENTE;PENDENTE;IMP-D01-GRADE;D01-MAPA-SAPATAS;Dimensão nominal de projeto não é limite líquido nem volume final. S3/P7 aparece rodada em planta. Descontar encontros com fundações contínuas, vigas e outras sapatas apenas após compatibilização.
OBS-D01-A-S3-03;A;D01-S3;RETANGULO_NOMINAL;1,50;1,80;0,40;MAPA_TIPO_E_ORIENTACAO_PLANTA;PENDENTE;PENDENTE;PENDENTE;PENDENTE;PENDENTE;IMP-D01-GRADE;D01-MAPA-SAPATAS;Dimensão nominal de projeto não é limite líquido nem volume final. S3/P7 aparece rodada em planta. Descontar encontros com fundações contínuas, vigas e outras sapatas apenas após compatibilização.
OBS-D01-A-S3-04;A;D01-S3;RETANGULO_NOMINAL;1,50;1,80;0,40;MAPA_TIPO_E_ORIENTACAO_PLANTA;PENDENTE;PENDENTE;PENDENTE;PENDENTE;PENDENTE;IMP-D01-GRADE;D01-MAPA-SAPATAS;Dimensão nominal de projeto não é limite líquido nem volume final. S3/P7 aparece rodada em planta. Descontar encontros com fundações contínuas, vigas e outras sapatas apenas após compatibilização.
OBS-D01-A-S3-05;A;D01-S3;RETANGULO_NOMINAL;1,50;1,80;0,40;MAPA_TIPO_E_ORIENTACAO_PLANTA;PENDENTE;PENDENTE;PENDENTE;PENDENTE;PENDENTE;IMP-D01-GRADE;D01-MAPA-SAPATAS;Dimensão nominal de projeto não é limite líquido nem volume final. S3/P7 aparece rodada em planta. Descontar encontros com fundações contínuas, vigas e outras sapatas apenas após compatibilização.
OBS-D01-A-S4-01;A;D01-S4;RETANGULO_NOMINAL;1,60;1,40;0,40;MAPA_TIPO_E_ORIENTACAO_PLANTA;PENDENTE;PENDENTE;PENDENTE;PENDENTE;PENDENTE;IMP-D01-GRADE;D01-MAPA-SAPATAS;Dimensão nominal de projeto não é limite líquido nem volume final. S3/P7 aparece rodada em planta. Descontar encontros com fundações contínuas, vigas e outras sapatas apenas após compatibilização.
OBS-D01-A-S4-02;A;D01-S4;RETANGULO_NOMINAL;1,60;1,40;0,40;MAPA_TIPO_E_ORIENTACAO_PLANTA;PENDENTE;PENDENTE;PENDENTE;PENDENTE;PENDENTE;IMP-D01-GRADE;D01-MAPA-SAPATAS;Dimensão nominal de projeto não é limite líquido nem volume final. S3/P7 aparece rodada em planta. Descontar encontros com fundações contínuas, vigas e outras sapatas apenas após compatibilização.
OBS-D01-A-S7-01;A;D01-S7;RETANGULO_NOMINAL;2,48;1,00;0,40;MAPA_TIPO_E_ORIENTACAO_PLANTA;PENDENTE;PENDENTE;PENDENTE;PENDENTE;PENDENTE;IMP-D01-GRADE;D01-MAPA-SAPATAS;Dimensão nominal de projeto não é limite líquido nem volume final. S3/P7 aparece rodada em planta. Descontar encontros com fundações contínuas, vigas e outras sapatas apenas após compatibilização.
OBS-D01-A-S5-01;A;D01-S5;RETANGULO_NOMINAL;1,00;1,00;0,40;MAPA_TIPO_E_ORIENTACAO_PLANTA;PENDENTE;PENDENTE;PENDENTE;PENDENTE;PENDENTE;IMP-D01-GRADE;D01-MAPA-SAPATAS;Dimensão nominal de projeto não é limite líquido nem volume final. S3/P7 aparece rodada em planta. Descontar encontros com fundações contínuas, vigas e outras sapatas apenas após compatibilização.
OBS-D01-A-S5-02;A;D01-S5;RETANGULO_NOMINAL;1,00;1,00;0,40;MAPA_TIPO_E_ORIENTACAO_PLANTA;PENDENTE;PENDENTE;PENDENTE;PENDENTE;PENDENTE;IMP-D01-GRADE;D01-MAPA-SAPATAS;Dimensão nominal de projeto não é limite líquido nem volume final. S3/P7 aparece rodada em planta. Descontar encontros com fundações contínuas, vigas e outras sapatas apenas após compatibilização.
OBS-D01-B-S1-01;B;D01-S1;POLIGONO_A_CONFIRMAR;PENDENTE;PENDENTE;0,40;MAPA_TIPO_E_ORIENTACAO_PLANTA;PENDENTE;PENDENTE;PENDENTE;PENDENTE;PENDENTE;IMP-D01-GRADE;D01-MAPA-SAPATAS;Dimensão nominal de projeto não é limite líquido nem volume final. S3/P7 aparece rodada em planta. Descontar encontros com fundações contínuas, vigas e outras sapatas apenas após compatibilização.
OBS-D01-B-S2-01;B;D01-S2;RETANGULO_NOMINAL;5,00;2,90;0,60;MAPA_TIPO_E_ORIENTACAO_PLANTA;PENDENTE;PENDENTE;PENDENTE;PENDENTE;PENDENTE;IMP-D01-GRADE;D01-MAPA-SAPATAS;Dimensão nominal de projeto não é limite líquido nem volume final. S3/P7 aparece rodada em planta. Descontar encontros com fundações contínuas, vigas e outras sapatas apenas após compatibilização.
OBS-D01-B-S3-01;B;D01-S3;RETANGULO_NOMINAL;1,80;1,50;0,40;MAPA_TIPO_E_ORIENTACAO_PLANTA;PENDENTE;PENDENTE;PENDENTE;PENDENTE;PENDENTE;IMP-D01-GRADE;D01-MAPA-SAPATAS;Dimensão nominal de projeto não é limite líquido nem volume final. S3/P7 aparece rodada em planta. Descontar encontros com fundações contínuas, vigas e outras sapatas apenas após compatibilização.
OBS-D01-B-S3-02;B;D01-S3;RETANGULO_NOMINAL;1,50;1,80;0,40;MAPA_TIPO_E_ORIENTACAO_PLANTA;PENDENTE;PENDENTE;PENDENTE;PENDENTE;PENDENTE;IMP-D01-GRADE;D01-MAPA-SAPATAS;Dimensão nominal de projeto não é limite líquido nem volume final. S3/P7 aparece rodada em planta. Descontar encontros com fundações contínuas, vigas e outras sapatas apenas após compatibilização.
OBS-D01-B-S3-03;B;D01-S3;RETANGULO_NOMINAL;1,50;1,80;0,40;MAPA_TIPO_E_ORIENTACAO_PLANTA;PENDENTE;PENDENTE;PENDENTE;PENDENTE;PENDENTE;IMP-D01-GRADE;D01-MAPA-SAPATAS;Dimensão nominal de projeto não é limite líquido nem volume final. S3/P7 aparece rodada em planta. Descontar encontros com fundações contínuas, vigas e outras sapatas apenas após compatibilização.
OBS-D01-B-S3-04;B;D01-S3;RETANGULO_NOMINAL;1,50;1,80;0,40;MAPA_TIPO_E_ORIENTACAO_PLANTA;PENDENTE;PENDENTE;PENDENTE;PENDENTE;PENDENTE;IMP-D01-GRADE;D01-MAPA-SAPATAS;Dimensão nominal de projeto não é limite líquido nem volume final. S3/P7 aparece rodada em planta. Descontar encontros com fundações contínuas, vigas e outras sapatas apenas após compatibilização.
OBS-D01-B-S3-05;B;D01-S3;RETANGULO_NOMINAL;1,50;1,80;0,40;MAPA_TIPO_E_ORIENTACAO_PLANTA;PENDENTE;PENDENTE;PENDENTE;PENDENTE;PENDENTE;IMP-D01-GRADE;D01-MAPA-SAPATAS;Dimensão nominal de projeto não é limite líquido nem volume final. S3/P7 aparece rodada em planta. Descontar encontros com fundações contínuas, vigas e outras sapatas apenas após compatibilização.
OBS-D01-B-S4-01;B;D01-S4;RETANGULO_NOMINAL;1,60;1,40;0,40;MAPA_TIPO_E_ORIENTACAO_PLANTA;PENDENTE;PENDENTE;PENDENTE;PENDENTE;PENDENTE;IMP-D01-GRADE;D01-MAPA-SAPATAS;Dimensão nominal de projeto não é limite líquido nem volume final. S3/P7 aparece rodada em planta. Descontar encontros com fundações contínuas, vigas e outras sapatas apenas após compatibilização.
OBS-D01-B-S4-02;B;D01-S4;RETANGULO_NOMINAL;1,60;1,40;0,40;MAPA_TIPO_E_ORIENTACAO_PLANTA;PENDENTE;PENDENTE;PENDENTE;PENDENTE;PENDENTE;IMP-D01-GRADE;D01-MAPA-SAPATAS;Dimensão nominal de projeto não é limite líquido nem volume final. S3/P7 aparece rodada em planta. Descontar encontros com fundações contínuas, vigas e outras sapatas apenas após compatibilização.
OBS-D01-B-S7-01;B;D01-S7;RETANGULO_NOMINAL;2,48;1,00;0,40;MAPA_TIPO_E_ORIENTACAO_PLANTA;PENDENTE;PENDENTE;PENDENTE;PENDENTE;PENDENTE;IMP-D01-GRADE;D01-MAPA-SAPATAS;Dimensão nominal de projeto não é limite líquido nem volume final. S3/P7 aparece rodada em planta. Descontar encontros com fundações contínuas, vigas e outras sapatas apenas após compatibilização.
OBS-D01-B-S5-01;B;D01-S5;RETANGULO_NOMINAL;1,00;1,00;0,40;MAPA_TIPO_E_ORIENTACAO_PLANTA;PENDENTE;PENDENTE;PENDENTE;PENDENTE;PENDENTE;IMP-D01-GRADE;D01-MAPA-SAPATAS;Dimensão nominal de projeto não é limite líquido nem volume final. S3/P7 aparece rodada em planta. Descontar encontros com fundações contínuas, vigas e outras sapatas apenas após compatibilização.
OBS-D01-B-S5-02;B;D01-S5;RETANGULO_NOMINAL;1,00;1,00;0,40;MAPA_TIPO_E_ORIENTACAO_PLANTA;PENDENTE;PENDENTE;PENDENTE;PENDENTE;PENDENTE;IMP-D01-GRADE;D01-MAPA-SAPATAS;Dimensão nominal de projeto não é limite líquido nem volume final. S3/P7 aparece rodada em planta. Descontar encontros com fundações contínuas, vigas e outras sapatas apenas após compatibilização.
OBS-D01-C-S1-01;C;D01-S1;POLIGONO_A_CONFIRMAR;PENDENTE;PENDENTE;0,40;MAPA_TIPO_E_ORIENTACAO_PLANTA;PENDENTE;PENDENTE;PENDENTE;PENDENTE;PENDENTE;IMP-D01-GRADE;D01-MAPA-SAPATAS;Dimensão nominal de projeto não é limite líquido nem volume final. S3/P7 aparece rodada em planta. Descontar encontros com fundações contínuas, vigas e outras sapatas apenas após compatibilização.
OBS-D01-C-S2-01;C;D01-S2;RETANGULO_NOMINAL;5,00;2,90;0,60;MAPA_TIPO_E_ORIENTACAO_PLANTA;PENDENTE;PENDENTE;PENDENTE;PENDENTE;PENDENTE;IMP-D01-GRADE;D01-MAPA-SAPATAS;Dimensão nominal de projeto não é limite líquido nem volume final. S3/P7 aparece rodada em planta. Descontar encontros com fundações contínuas, vigas e outras sapatas apenas após compatibilização.
OBS-D01-C-S3-01;C;D01-S3;RETANGULO_NOMINAL;1,80;1,50;0,40;MAPA_TIPO_E_ORIENTACAO_PLANTA;PENDENTE;PENDENTE;PENDENTE;PENDENTE;PENDENTE;IMP-D01-GRADE;D01-MAPA-SAPATAS;Dimensão nominal de projeto não é limite líquido nem volume final. S3/P7 aparece rodada em planta. Descontar encontros com fundações contínuas, vigas e outras sapatas apenas após compatibilização.
OBS-D01-C-S3-02;C;D01-S3;RETANGULO_NOMINAL;1,50;1,80;0,40;MAPA_TIPO_E_ORIENTACAO_PLANTA;PENDENTE;PENDENTE;PENDENTE;PENDENTE;PENDENTE;IMP-D01-GRADE;D01-MAPA-SAPATAS;Dimensão nominal de projeto não é limite líquido nem volume final. S3/P7 aparece rodada em planta. Descontar encontros com fundações contínuas, vigas e outras sapatas apenas após compatibilização.
OBS-D01-C-S3-03;C;D01-S3;RETANGULO_NOMINAL;1,50;1,80;0,40;MAPA_TIPO_E_ORIENTACAO_PLANTA;PENDENTE;PENDENTE;PENDENTE;PENDENTE;PENDENTE;IMP-D01-GRADE;D01-MAPA-SAPATAS;Dimensão nominal de projeto não é limite líquido nem volume final. S3/P7 aparece rodada em planta. Descontar encontros com fundações contínuas, vigas e outras sapatas apenas após compatibilização.
OBS-D01-C-S3-04;C;D01-S3;RETANGULO_NOMINAL;1,50;1,80;0,40;MAPA_TIPO_E_ORIENTACAO_PLANTA;PENDENTE;PENDENTE;PENDENTE;PENDENTE;PENDENTE;IMP-D01-GRADE;D01-MAPA-SAPATAS;Dimensão nominal de projeto não é limite líquido nem volume final. S3/P7 aparece rodada em planta. Descontar encontros com fundações contínuas, vigas e outras sapatas apenas após compatibilização.
OBS-D01-C-S3-05;C;D01-S3;RETANGULO_NOMINAL;1,50;1,80;0,40;MAPA_TIPO_E_ORIENTACAO_PLANTA;PENDENTE;PENDENTE;PENDENTE;PENDENTE;PENDENTE;IMP-D01-GRADE;D01-MAPA-SAPATAS;Dimensão nominal de projeto não é limite líquido nem volume final. S3/P7 aparece rodada em planta. Descontar encontros com fundações contínuas, vigas e outras sapatas apenas após compatibilização.
OBS-D01-C-S4-01;C;D01-S4;RETANGULO_NOMINAL;1,60;1,40;0,40;MAPA_TIPO_E_ORIENTACAO_PLANTA;PENDENTE;PENDENTE;PENDENTE;PENDENTE;PENDENTE;IMP-D01-GRADE;D01-MAPA-SAPATAS;Dimensão nominal de projeto não é limite líquido nem volume final. S3/P7 aparece rodada em planta. Descontar encontros com fundações contínuas, vigas e outras sapatas apenas após compatibilização.
OBS-D01-C-S4-02;C;D01-S4;RETANGULO_NOMINAL;1,60;1,40;0,40;MAPA_TIPO_E_ORIENTACAO_PLANTA;PENDENTE;PENDENTE;PENDENTE;PENDENTE;PENDENTE;IMP-D01-GRADE;D01-MAPA-SAPATAS;Dimensão nominal de projeto não é limite líquido nem volume final. S3/P7 aparece rodada em planta. Descontar encontros com fundações contínuas, vigas e outras sapatas apenas após compatibilização.
OBS-D01-C-S4-03;C;D01-S4;RETANGULO_NOMINAL;1,60;1,40;0,40;MAPA_TIPO_E_ORIENTACAO_PLANTA;PENDENTE;PENDENTE;PENDENTE;PENDENTE;PENDENTE;IMP-D01-GRADE;D01-MAPA-SAPATAS;Dimensão nominal de projeto não é limite líquido nem volume final. S3/P7 aparece rodada em planta. Descontar encontros com fundações contínuas, vigas e outras sapatas apenas após compatibilização.
OBS-D01-C-S7-01;C;D01-S7;RETANGULO_NOMINAL;2,48;1,00;0,40;MAPA_TIPO_E_ORIENTACAO_PLANTA;PENDENTE;PENDENTE;PENDENTE;PENDENTE;PENDENTE;IMP-D01-GRADE;D01-MAPA-SAPATAS;Dimensão nominal de projeto não é limite líquido nem volume final. S3/P7 aparece rodada em planta. Descontar encontros com fundações contínuas, vigas e outras sapatas apenas após compatibilização.
OBS-D01-C-S5-01;C;D01-S5;RETANGULO_NOMINAL;1,00;1,00;0,40;MAPA_TIPO_E_ORIENTACAO_PLANTA;PENDENTE;PENDENTE;PENDENTE;PENDENTE;PENDENTE;IMP-D01-GRADE;D01-MAPA-SAPATAS;Dimensão nominal de projeto não é limite líquido nem volume final. S3/P7 aparece rodada em planta. Descontar encontros com fundações contínuas, vigas e outras sapatas apenas após compatibilização.
OBS-D01-C-S5-02;C;D01-S5;RETANGULO_NOMINAL;1,00;1,00;0,40;MAPA_TIPO_E_ORIENTACAO_PLANTA;PENDENTE;PENDENTE;PENDENTE;PENDENTE;PENDENTE;IMP-D01-GRADE;D01-MAPA-SAPATAS;Dimensão nominal de projeto não é limite líquido nem volume final. S3/P7 aparece rodada em planta. Descontar encontros com fundações contínuas, vigas e outras sapatas apenas após compatibilização.
OBS-D02-E-S1-01;D;D02-S1;POLIGONO_A_CONFIRMAR;PENDENTE;PENDENTE;0,40;MAPA_TIPO_E_ORIENTACAO_PLANTA;PENDENTE;PENDENTE;PENDENTE;PENDENTE;PENDENTE;IMP-D02-GRADE;D02-MAPA-SAPATAS;Dimensão nominal de projeto não é limite líquido nem volume final. S3/P7 aparece rodada em planta. Descontar encontros com fundações contínuas, vigas e outras sapatas apenas após compatibilização.
OBS-D02-E-S2-01;D;D02-S2;RETANGULO_NOMINAL;5,00;2,90;0,60;MAPA_TIPO_E_ORIENTACAO_PLANTA;PENDENTE;PENDENTE;PENDENTE;PENDENTE;PENDENTE;IMP-D02-GRADE;D02-MAPA-SAPATAS;Dimensão nominal de projeto não é limite líquido nem volume final. S3/P7 aparece rodada em planta. Descontar encontros com fundações contínuas, vigas e outras sapatas apenas após compatibilização.
OBS-D02-E-S3-01;D;D02-S3;RETANGULO_NOMINAL;1,80;1,50;0,40;MAPA_TIPO_E_ORIENTACAO_PLANTA;PENDENTE;PENDENTE;PENDENTE;PENDENTE;PENDENTE;IMP-D02-GRADE;D02-MAPA-SAPATAS;Dimensão nominal de projeto não é limite líquido nem volume final. S3/P7 aparece rodada em planta. Descontar encontros com fundações contínuas, vigas e outras sapatas apenas após compatibilização.
OBS-D02-E-S3-02;D;D02-S3;RETANGULO_NOMINAL;1,50;1,80;0,40;MAPA_TIPO_E_ORIENTACAO_PLANTA;PENDENTE;PENDENTE;PENDENTE;PENDENTE;PENDENTE;IMP-D02-GRADE;D02-MAPA-SAPATAS;Dimensão nominal de projeto não é limite líquido nem volume final. S3/P7 aparece rodada em planta. Descontar encontros com fundações contínuas, vigas e outras sapatas apenas após compatibilização.
OBS-D02-E-S3-03;D;D02-S3;RETANGULO_NOMINAL;1,50;1,80;0,40;MAPA_TIPO_E_ORIENTACAO_PLANTA;PENDENTE;PENDENTE;PENDENTE;PENDENTE;PENDENTE;IMP-D02-GRADE;D02-MAPA-SAPATAS;Dimensão nominal de projeto não é limite líquido nem volume final. S3/P7 aparece rodada em planta. Descontar encontros com fundações contínuas, vigas e outras sapatas apenas após compatibilização.
OBS-D02-E-S3-04;D;D02-S3;RETANGULO_NOMINAL;1,50;1,80;0,40;MAPA_TIPO_E_ORIENTACAO_PLANTA;PENDENTE;PENDENTE;PENDENTE;PENDENTE;PENDENTE;IMP-D02-GRADE;D02-MAPA-SAPATAS;Dimensão nominal de projeto não é limite líquido nem volume final. S3/P7 aparece rodada em planta. Descontar encontros com fundações contínuas, vigas e outras sapatas apenas após compatibilização.
OBS-D02-E-S3-05;D;D02-S3;RETANGULO_NOMINAL;1,50;1,80;0,40;MAPA_TIPO_E_ORIENTACAO_PLANTA;PENDENTE;PENDENTE;PENDENTE;PENDENTE;PENDENTE;IMP-D02-GRADE;D02-MAPA-SAPATAS;Dimensão nominal de projeto não é limite líquido nem volume final. S3/P7 aparece rodada em planta. Descontar encontros com fundações contínuas, vigas e outras sapatas apenas após compatibilização.
OBS-D02-E-S4-01;D;D02-S4;RETANGULO_NOMINAL;1,60;1,40;0,40;MAPA_TIPO_E_ORIENTACAO_PLANTA;PENDENTE;PENDENTE;PENDENTE;PENDENTE;PENDENTE;IMP-D02-GRADE;D02-MAPA-SAPATAS;Dimensão nominal de projeto não é limite líquido nem volume final. S3/P7 aparece rodada em planta. Descontar encontros com fundações contínuas, vigas e outras sapatas apenas após compatibilização.
OBS-D02-E-S4-02;D;D02-S4;RETANGULO_NOMINAL;1,60;1,40;0,40;MAPA_TIPO_E_ORIENTACAO_PLANTA;PENDENTE;PENDENTE;PENDENTE;PENDENTE;PENDENTE;IMP-D02-GRADE;D02-MAPA-SAPATAS;Dimensão nominal de projeto não é limite líquido nem volume final. S3/P7 aparece rodada em planta. Descontar encontros com fundações contínuas, vigas e outras sapatas apenas após compatibilização.
OBS-D02-E-S4-03;D;D02-S4;RETANGULO_NOMINAL;1,60;1,40;0,40;MAPA_TIPO_E_ORIENTACAO_PLANTA;PENDENTE;PENDENTE;PENDENTE;PENDENTE;PENDENTE;IMP-D02-GRADE;D02-MAPA-SAPATAS;Dimensão nominal de projeto não é limite líquido nem volume final. S3/P7 aparece rodada em planta. Descontar encontros com fundações contínuas, vigas e outras sapatas apenas após compatibilização.
OBS-D02-E-S7-01;D;D02-S7;RETANGULO_NOMINAL;2,48;1,00;0,40;MAPA_TIPO_E_ORIENTACAO_PLANTA;PENDENTE;PENDENTE;PENDENTE;PENDENTE;PENDENTE;IMP-D02-GRADE;D02-MAPA-SAPATAS;Dimensão nominal de projeto não é limite líquido nem volume final. S3/P7 aparece rodada em planta. Descontar encontros com fundações contínuas, vigas e outras sapatas apenas após compatibilização.
OBS-D02-E-S5-01;D;D02-S5;RETANGULO_NOMINAL;1,00;1,00;0,40;MAPA_TIPO_E_ORIENTACAO_PLANTA;PENDENTE;PENDENTE;PENDENTE;PENDENTE;PENDENTE;IMP-D02-GRADE;D02-MAPA-SAPATAS;Dimensão nominal de projeto não é limite líquido nem volume final. S3/P7 aparece rodada em planta. Descontar encontros com fundações contínuas, vigas e outras sapatas apenas após compatibilização.
OBS-D02-E-S5-02;D;D02-S5;RETANGULO_NOMINAL;1,00;1,00;0,40;MAPA_TIPO_E_ORIENTACAO_PLANTA;PENDENTE;PENDENTE;PENDENTE;PENDENTE;PENDENTE;IMP-D02-GRADE;D02-MAPA-SAPATAS;Dimensão nominal de projeto não é limite líquido nem volume final. S3/P7 aparece rodada em planta. Descontar encontros com fundações contínuas, vigas e outras sapatas apenas após compatibilização.
OBS-D02-D-S1-01;E;D02-S1;POLIGONO_A_CONFIRMAR;PENDENTE;PENDENTE;0,40;MAPA_TIPO_E_ORIENTACAO_PLANTA;PENDENTE;PENDENTE;PENDENTE;PENDENTE;PENDENTE;IMP-D02-GRADE;D02-MAPA-SAPATAS;Dimensão nominal de projeto não é limite líquido nem volume final. S3/P7 aparece rodada em planta. Descontar encontros com fundações contínuas, vigas e outras sapatas apenas após compatibilização.
OBS-D02-D-S2-01;E;D02-S2;RETANGULO_NOMINAL;5,00;2,90;0,60;MAPA_TIPO_E_ORIENTACAO_PLANTA;PENDENTE;PENDENTE;PENDENTE;PENDENTE;PENDENTE;IMP-D02-GRADE;D02-MAPA-SAPATAS;Dimensão nominal de projeto não é limite líquido nem volume final. S3/P7 aparece rodada em planta. Descontar encontros com fundações contínuas, vigas e outras sapatas apenas após compatibilização.
OBS-D02-D-S3-01;E;D02-S3;RETANGULO_NOMINAL;1,80;1,50;0,40;MAPA_TIPO_E_ORIENTACAO_PLANTA;PENDENTE;PENDENTE;PENDENTE;PENDENTE;PENDENTE;IMP-D02-GRADE;D02-MAPA-SAPATAS;Dimensão nominal de projeto não é limite líquido nem volume final. S3/P7 aparece rodada em planta. Descontar encontros com fundações contínuas, vigas e outras sapatas apenas após compatibilização.
OBS-D02-D-S3-02;E;D02-S3;RETANGULO_NOMINAL;1,50;1,80;0,40;MAPA_TIPO_E_ORIENTACAO_PLANTA;PENDENTE;PENDENTE;PENDENTE;PENDENTE;PENDENTE;IMP-D02-GRADE;D02-MAPA-SAPATAS;Dimensão nominal de projeto não é limite líquido nem volume final. S3/P7 aparece rodada em planta. Descontar encontros com fundações contínuas, vigas e outras sapatas apenas após compatibilização.
OBS-D02-D-S3-03;E;D02-S3;RETANGULO_NOMINAL;1,50;1,80;0,40;MAPA_TIPO_E_ORIENTACAO_PLANTA;PENDENTE;PENDENTE;PENDENTE;PENDENTE;PENDENTE;IMP-D02-GRADE;D02-MAPA-SAPATAS;Dimensão nominal de projeto não é limite líquido nem volume final. S3/P7 aparece rodada em planta. Descontar encontros com fundações contínuas, vigas e outras sapatas apenas após compatibilização.
OBS-D02-D-S3-04;E;D02-S3;RETANGULO_NOMINAL;1,50;1,80;0,40;MAPA_TIPO_E_ORIENTACAO_PLANTA;PENDENTE;PENDENTE;PENDENTE;PENDENTE;PENDENTE;IMP-D02-GRADE;D02-MAPA-SAPATAS;Dimensão nominal de projeto não é limite líquido nem volume final. S3/P7 aparece rodada em planta. Descontar encontros com fundações contínuas, vigas e outras sapatas apenas após compatibilização.
OBS-D02-D-S3-05;E;D02-S3;RETANGULO_NOMINAL;1,50;1,80;0,40;MAPA_TIPO_E_ORIENTACAO_PLANTA;PENDENTE;PENDENTE;PENDENTE;PENDENTE;PENDENTE;IMP-D02-GRADE;D02-MAPA-SAPATAS;Dimensão nominal de projeto não é limite líquido nem volume final. S3/P7 aparece rodada em planta. Descontar encontros com fundações contínuas, vigas e outras sapatas apenas após compatibilização.
OBS-D02-D-S4-01;E;D02-S4;RETANGULO_NOMINAL;1,60;1,40;0,40;MAPA_TIPO_E_ORIENTACAO_PLANTA;PENDENTE;PENDENTE;PENDENTE;PENDENTE;PENDENTE;IMP-D02-GRADE;D02-MAPA-SAPATAS;Dimensão nominal de projeto não é limite líquido nem volume final. S3/P7 aparece rodada em planta. Descontar encontros com fundações contínuas, vigas e outras sapatas apenas após compatibilização.
OBS-D02-D-S4-02;E;D02-S4;RETANGULO_NOMINAL;1,60;1,40;0,40;MAPA_TIPO_E_ORIENTACAO_PLANTA;PENDENTE;PENDENTE;PENDENTE;PENDENTE;PENDENTE;IMP-D02-GRADE;D02-MAPA-SAPATAS;Dimensão nominal de projeto não é limite líquido nem volume final. S3/P7 aparece rodada em planta. Descontar encontros com fundações contínuas, vigas e outras sapatas apenas após compatibilização.
OBS-D02-D-S7-01;E;D02-S7;RETANGULO_NOMINAL;2,48;1,00;0,40;MAPA_TIPO_E_ORIENTACAO_PLANTA;PENDENTE;PENDENTE;PENDENTE;PENDENTE;PENDENTE;IMP-D02-GRADE;D02-MAPA-SAPATAS;Dimensão nominal de projeto não é limite líquido nem volume final. S3/P7 aparece rodada em planta. Descontar encontros com fundações contínuas, vigas e outras sapatas apenas após compatibilização.
OBS-D02-D-S5-01;E;D02-S5;RETANGULO_NOMINAL;1,00;1,00;0,40;MAPA_TIPO_E_ORIENTACAO_PLANTA;PENDENTE;PENDENTE;PENDENTE;PENDENTE;PENDENTE;IMP-D02-GRADE;D02-MAPA-SAPATAS;Dimensão nominal de projeto não é limite líquido nem volume final. S3/P7 aparece rodada em planta. Descontar encontros com fundações contínuas, vigas e outras sapatas apenas após compatibilização.
OBS-D02-D-S5-02;E;D02-S5;RETANGULO_NOMINAL;1,00;1,00;0,40;MAPA_TIPO_E_ORIENTACAO_PLANTA;PENDENTE;PENDENTE;PENDENTE;PENDENTE;PENDENTE;IMP-D02-GRADE;D02-MAPA-SAPATAS;Dimensão nominal de projeto não é limite líquido nem volume final. S3/P7 aparece rodada em planta. Descontar encontros com fundações contínuas, vigas e outras sapatas apenas após compatibilização.
OBS-D03-G-S1-01;G;D03-S1;POLIGONO_A_CONFIRMAR;PENDENTE;PENDENTE;0,40;MAPA_TIPO_E_ORIENTACAO_PLANTA;PENDENTE;PENDENTE;PENDENTE;PENDENTE;PENDENTE;IMP-D03-GRADE;D03-MAPA-SAPATAS;Dimensão nominal de projeto não é limite líquido nem volume final. S3/P7 aparece rodada em planta. Descontar encontros com fundações contínuas, vigas e outras sapatas apenas após compatibilização.
OBS-D03-G-S2-01;G;D03-S2;RETANGULO_NOMINAL;5,00;2,90;0,60;MAPA_TIPO_E_ORIENTACAO_PLANTA;PENDENTE;PENDENTE;PENDENTE;PENDENTE;PENDENTE;IMP-D03-GRADE;D03-MAPA-SAPATAS;Dimensão nominal de projeto não é limite líquido nem volume final. S3/P7 aparece rodada em planta. Descontar encontros com fundações contínuas, vigas e outras sapatas apenas após compatibilização.
OBS-D03-G-S3-01;G;D03-S3;RETANGULO_NOMINAL;1,80;1,50;0,40;MAPA_TIPO_E_ORIENTACAO_PLANTA;PENDENTE;PENDENTE;PENDENTE;PENDENTE;PENDENTE;IMP-D03-GRADE;D03-MAPA-SAPATAS;Dimensão nominal de projeto não é limite líquido nem volume final. S3/P7 aparece rodada em planta. Descontar encontros com fundações contínuas, vigas e outras sapatas apenas após compatibilização.
OBS-D03-G-S3-02;G;D03-S3;RETANGULO_NOMINAL;1,50;1,80;0,40;MAPA_TIPO_E_ORIENTACAO_PLANTA;PENDENTE;PENDENTE;PENDENTE;PENDENTE;PENDENTE;IMP-D03-GRADE;D03-MAPA-SAPATAS;Dimensão nominal de projeto não é limite líquido nem volume final. S3/P7 aparece rodada em planta. Descontar encontros com fundações contínuas, vigas e outras sapatas apenas após compatibilização.
OBS-D03-G-S3-03;G;D03-S3;RETANGULO_NOMINAL;1,50;1,80;0,40;MAPA_TIPO_E_ORIENTACAO_PLANTA;PENDENTE;PENDENTE;PENDENTE;PENDENTE;PENDENTE;IMP-D03-GRADE;D03-MAPA-SAPATAS;Dimensão nominal de projeto não é limite líquido nem volume final. S3/P7 aparece rodada em planta. Descontar encontros com fundações contínuas, vigas e outras sapatas apenas após compatibilização.
OBS-D03-G-S3-04;G;D03-S3;RETANGULO_NOMINAL;1,50;1,80;0,40;MAPA_TIPO_E_ORIENTACAO_PLANTA;PENDENTE;PENDENTE;PENDENTE;PENDENTE;PENDENTE;IMP-D03-GRADE;D03-MAPA-SAPATAS;Dimensão nominal de projeto não é limite líquido nem volume final. S3/P7 aparece rodada em planta. Descontar encontros com fundações contínuas, vigas e outras sapatas apenas após compatibilização.
OBS-D03-G-S3-05;G;D03-S3;RETANGULO_NOMINAL;1,50;1,80;0,40;MAPA_TIPO_E_ORIENTACAO_PLANTA;PENDENTE;PENDENTE;PENDENTE;PENDENTE;PENDENTE;IMP-D03-GRADE;D03-MAPA-SAPATAS;Dimensão nominal de projeto não é limite líquido nem volume final. S3/P7 aparece rodada em planta. Descontar encontros com fundações contínuas, vigas e outras sapatas apenas após compatibilização.
OBS-D03-G-S4-01;G;D03-S4;RETANGULO_NOMINAL;1,60;1,40;0,40;MAPA_TIPO_E_ORIENTACAO_PLANTA;PENDENTE;PENDENTE;PENDENTE;PENDENTE;PENDENTE;IMP-D03-GRADE;D03-MAPA-SAPATAS;Dimensão nominal de projeto não é limite líquido nem volume final. S3/P7 aparece rodada em planta. Descontar encontros com fundações contínuas, vigas e outras sapatas apenas após compatibilização.
OBS-D03-G-S4-02;G;D03-S4;RETANGULO_NOMINAL;1,60;1,40;0,40;MAPA_TIPO_E_ORIENTACAO_PLANTA;PENDENTE;PENDENTE;PENDENTE;PENDENTE;PENDENTE;IMP-D03-GRADE;D03-MAPA-SAPATAS;Dimensão nominal de projeto não é limite líquido nem volume final. S3/P7 aparece rodada em planta. Descontar encontros com fundações contínuas, vigas e outras sapatas apenas após compatibilização.
OBS-D03-G-S4-03;G;D03-S4;RETANGULO_NOMINAL;1,60;1,40;0,40;MAPA_TIPO_E_ORIENTACAO_PLANTA;PENDENTE;PENDENTE;PENDENTE;PENDENTE;PENDENTE;IMP-D03-GRADE;D03-MAPA-SAPATAS;Dimensão nominal de projeto não é limite líquido nem volume final. S3/P7 aparece rodada em planta. Descontar encontros com fundações contínuas, vigas e outras sapatas apenas após compatibilização.
OBS-D03-G-S6-01;G;D03-S6;RETANGULO_NOMINAL;1,00;2,08;0,40;MAPA_TIPO_E_ORIENTACAO_PLANTA;PENDENTE;PENDENTE;PENDENTE;PENDENTE;PENDENTE;IMP-D03-GRADE;D03-MAPA-SAPATAS;Dimensão nominal de projeto não é limite líquido nem volume final. S3/P7 aparece rodada em planta. Descontar encontros com fundações contínuas, vigas e outras sapatas apenas após compatibilização.
OBS-D03-G-S5-01;G;D03-S5;RETANGULO_NOMINAL;1,00;1,00;0,40;MAPA_TIPO_E_ORIENTACAO_PLANTA;PENDENTE;PENDENTE;PENDENTE;PENDENTE;PENDENTE;IMP-D03-GRADE;D03-MAPA-SAPATAS;Dimensão nominal de projeto não é limite líquido nem volume final. S3/P7 aparece rodada em planta. Descontar encontros com fundações contínuas, vigas e outras sapatas apenas após compatibilização.
OBS-D03-G-PENDENTE-01;G;PENDENTE;PENDENTE;PENDENTE;PENDENTE;PENDENTE;PENDENTE;PENDENTE;PENDENTE;PENDENTE;PENDENTE;PENDENTE;IMP-D03-GRADE;PENDENTE;Dimensão nominal de projeto não é limite líquido nem volume final. S3/P7 aparece rodada em planta. Descontar encontros com fundações contínuas, vigas e outras sapatas apenas após compatibilização.
OBS-D03-G-PENDENTE-02;G;PENDENTE;PENDENTE;PENDENTE;PENDENTE;PENDENTE;PENDENTE;PENDENTE;PENDENTE;PENDENTE;PENDENTE;PENDENTE;IMP-D03-GRADE;PENDENTE;Dimensão nominal de projeto não é limite líquido nem volume final. S3/P7 aparece rodada em planta. Descontar encontros com fundações contínuas, vigas e outras sapatas apenas após compatibilização.
OBS-D03-F-S1-01;F;D03-S1;POLIGONO_A_CONFIRMAR;PENDENTE;PENDENTE;0,40;MAPA_TIPO_E_ORIENTACAO_PLANTA;PENDENTE;PENDENTE;PENDENTE;PENDENTE;PENDENTE;IMP-D03-GRADE;D03-MAPA-SAPATAS;Dimensão nominal de projeto não é limite líquido nem volume final. S3/P7 aparece rodada em planta. Descontar encontros com fundações contínuas, vigas e outras sapatas apenas após compatibilização.
OBS-D03-F-S2-01;F;D03-S2;RETANGULO_NOMINAL;5,00;2,90;0,60;MAPA_TIPO_E_ORIENTACAO_PLANTA;PENDENTE;PENDENTE;PENDENTE;PENDENTE;PENDENTE;IMP-D03-GRADE;D03-MAPA-SAPATAS;Dimensão nominal de projeto não é limite líquido nem volume final. S3/P7 aparece rodada em planta. Descontar encontros com fundações contínuas, vigas e outras sapatas apenas após compatibilização.
OBS-D03-F-S3-01;F;D03-S3;RETANGULO_NOMINAL;1,80;1,50;0,40;MAPA_TIPO_E_ORIENTACAO_PLANTA;PENDENTE;PENDENTE;PENDENTE;PENDENTE;PENDENTE;IMP-D03-GRADE;D03-MAPA-SAPATAS;Dimensão nominal de projeto não é limite líquido nem volume final. S3/P7 aparece rodada em planta. Descontar encontros com fundações contínuas, vigas e outras sapatas apenas após compatibilização.
OBS-D03-F-S3-02;F;D03-S3;RETANGULO_NOMINAL;1,50;1,80;0,40;MAPA_TIPO_E_ORIENTACAO_PLANTA;PENDENTE;PENDENTE;PENDENTE;PENDENTE;PENDENTE;IMP-D03-GRADE;D03-MAPA-SAPATAS;Dimensão nominal de projeto não é limite líquido nem volume final. S3/P7 aparece rodada em planta. Descontar encontros com fundações contínuas, vigas e outras sapatas apenas após compatibilização.
OBS-D03-F-S3-03;F;D03-S3;RETANGULO_NOMINAL;1,50;1,80;0,40;MAPA_TIPO_E_ORIENTACAO_PLANTA;PENDENTE;PENDENTE;PENDENTE;PENDENTE;PENDENTE;IMP-D03-GRADE;D03-MAPA-SAPATAS;Dimensão nominal de projeto não é limite líquido nem volume final. S3/P7 aparece rodada em planta. Descontar encontros com fundações contínuas, vigas e outras sapatas apenas após compatibilização.
OBS-D03-F-S3-04;F;D03-S3;RETANGULO_NOMINAL;1,50;1,80;0,40;MAPA_TIPO_E_ORIENTACAO_PLANTA;PENDENTE;PENDENTE;PENDENTE;PENDENTE;PENDENTE;IMP-D03-GRADE;D03-MAPA-SAPATAS;Dimensão nominal de projeto não é limite líquido nem volume final. S3/P7 aparece rodada em planta. Descontar encontros com fundações contínuas, vigas e outras sapatas apenas após compatibilização.
OBS-D03-F-S3-05;F;D03-S3;RETANGULO_NOMINAL;1,50;1,80;0,40;MAPA_TIPO_E_ORIENTACAO_PLANTA;PENDENTE;PENDENTE;PENDENTE;PENDENTE;PENDENTE;IMP-D03-GRADE;D03-MAPA-SAPATAS;Dimensão nominal de projeto não é limite líquido nem volume final. S3/P7 aparece rodada em planta. Descontar encontros com fundações contínuas, vigas e outras sapatas apenas após compatibilização.
OBS-D03-F-S4-01;F;D03-S4;RETANGULO_NOMINAL;1,60;1,40;0,40;MAPA_TIPO_E_ORIENTACAO_PLANTA;PENDENTE;PENDENTE;PENDENTE;PENDENTE;PENDENTE;IMP-D03-GRADE;D03-MAPA-SAPATAS;Dimensão nominal de projeto não é limite líquido nem volume final. S3/P7 aparece rodada em planta. Descontar encontros com fundações contínuas, vigas e outras sapatas apenas após compatibilização.
OBS-D03-F-S4-02;F;D03-S4;RETANGULO_NOMINAL;1,60;1,40;0,40;MAPA_TIPO_E_ORIENTACAO_PLANTA;PENDENTE;PENDENTE;PENDENTE;PENDENTE;PENDENTE;IMP-D03-GRADE;D03-MAPA-SAPATAS;Dimensão nominal de projeto não é limite líquido nem volume final. S3/P7 aparece rodada em planta. Descontar encontros com fundações contínuas, vigas e outras sapatas apenas após compatibilização.
OBS-D03-F-S6-01;F;D03-S6;RETANGULO_NOMINAL;1,00;2,08;0,40;MAPA_TIPO_E_ORIENTACAO_PLANTA;PENDENTE;PENDENTE;PENDENTE;PENDENTE;PENDENTE;IMP-D03-GRADE;D03-MAPA-SAPATAS;Dimensão nominal de projeto não é limite líquido nem volume final. S3/P7 aparece rodada em planta. Descontar encontros com fundações contínuas, vigas e outras sapatas apenas após compatibilização.
OBS-D03-F-S5-01;F;D03-S5;RETANGULO_NOMINAL;1,00;1,00;0,40;MAPA_TIPO_E_ORIENTACAO_PLANTA;PENDENTE;PENDENTE;PENDENTE;PENDENTE;PENDENTE;IMP-D03-GRADE;D03-MAPA-SAPATAS;Dimensão nominal de projeto não é limite líquido nem volume final. S3/P7 aparece rodada em planta. Descontar encontros com fundações contínuas, vigas e outras sapatas apenas após compatibilização.
OBS-D03-F-PENDENTE-01;F;PENDENTE;PENDENTE;PENDENTE;PENDENTE;PENDENTE;PENDENTE;PENDENTE;PENDENTE;PENDENTE;PENDENTE;PENDENTE;IMP-D03-GRADE;PENDENTE;Dimensão nominal de projeto não é limite líquido nem volume final. S3/P7 aparece rodada em planta. Descontar encontros com fundações contínuas, vigas e outras sapatas apenas após compatibilização.
OBS-D03-F-PENDENTE-02;F;PENDENTE;PENDENTE;PENDENTE;PENDENTE;PENDENTE;PENDENTE;PENDENTE;PENDENTE;PENDENTE;PENDENTE;PENDENTE;IMP-D03-GRADE;PENDENTE;Dimensão nominal de projeto não é limite líquido nem volume final. S3/P7 aparece rodada em planta. Descontar encontros com fundações contínuas, vigas e outras sapatas apenas após compatibilização.
OBS-D04-J-S1-01;J;D04-S1;POLIGONO_A_CONFIRMAR;PENDENTE;PENDENTE;0,40;MAPA_TIPO_E_ORIENTACAO_PLANTA;PENDENTE;PENDENTE;PENDENTE;PENDENTE;PENDENTE;IMP-D04-GRADE;D04-MAPA-SAPATAS;Dimensão nominal de projeto não é limite líquido nem volume final. S3/P7 aparece rodada em planta. Descontar encontros com fundações contínuas, vigas e outras sapatas apenas após compatibilização.
OBS-D04-J-S2-01;J;D04-S2;RETANGULO_NOMINAL;5,00;2,90;0,60;MAPA_TIPO_E_ORIENTACAO_PLANTA;PENDENTE;PENDENTE;PENDENTE;PENDENTE;PENDENTE;IMP-D04-GRADE;D04-MAPA-SAPATAS;Dimensão nominal de projeto não é limite líquido nem volume final. S3/P7 aparece rodada em planta. Descontar encontros com fundações contínuas, vigas e outras sapatas apenas após compatibilização.
OBS-D04-J-S3-01;J;D04-S3;RETANGULO_NOMINAL;1,80;1,50;0,40;MAPA_TIPO_E_ORIENTACAO_PLANTA;PENDENTE;PENDENTE;PENDENTE;PENDENTE;PENDENTE;IMP-D04-GRADE;D04-MAPA-SAPATAS;Dimensão nominal de projeto não é limite líquido nem volume final. S3/P7 aparece rodada em planta. Descontar encontros com fundações contínuas, vigas e outras sapatas apenas após compatibilização.
OBS-D04-J-S3-02;J;D04-S3;RETANGULO_NOMINAL;1,50;1,80;0,40;MAPA_TIPO_E_ORIENTACAO_PLANTA;PENDENTE;PENDENTE;PENDENTE;PENDENTE;PENDENTE;IMP-D04-GRADE;D04-MAPA-SAPATAS;Dimensão nominal de projeto não é limite líquido nem volume final. S3/P7 aparece rodada em planta. Descontar encontros com fundações contínuas, vigas e outras sapatas apenas após compatibilização.
OBS-D04-J-S3-03;J;D04-S3;RETANGULO_NOMINAL;1,50;1,80;0,40;MAPA_TIPO_E_ORIENTACAO_PLANTA;PENDENTE;PENDENTE;PENDENTE;PENDENTE;PENDENTE;IMP-D04-GRADE;D04-MAPA-SAPATAS;Dimensão nominal de projeto não é limite líquido nem volume final. S3/P7 aparece rodada em planta. Descontar encontros com fundações contínuas, vigas e outras sapatas apenas após compatibilização.
OBS-D04-J-S3-04;J;D04-S3;RETANGULO_NOMINAL;1,50;1,80;0,40;MAPA_TIPO_E_ORIENTACAO_PLANTA;PENDENTE;PENDENTE;PENDENTE;PENDENTE;PENDENTE;IMP-D04-GRADE;D04-MAPA-SAPATAS;Dimensão nominal de projeto não é limite líquido nem volume final. S3/P7 aparece rodada em planta. Descontar encontros com fundações contínuas, vigas e outras sapatas apenas após compatibilização.
OBS-D04-J-S3-05;J;D04-S3;RETANGULO_NOMINAL;1,50;1,80;0,40;MAPA_TIPO_E_ORIENTACAO_PLANTA;PENDENTE;PENDENTE;PENDENTE;PENDENTE;PENDENTE;IMP-D04-GRADE;D04-MAPA-SAPATAS;Dimensão nominal de projeto não é limite líquido nem volume final. S3/P7 aparece rodada em planta. Descontar encontros com fundações contínuas, vigas e outras sapatas apenas após compatibilização.
OBS-D04-J-S4-01;J;D04-S4;RETANGULO_NOMINAL;1,60;1,40;0,40;MAPA_TIPO_E_ORIENTACAO_PLANTA;PENDENTE;PENDENTE;PENDENTE;PENDENTE;PENDENTE;IMP-D04-GRADE;D04-MAPA-SAPATAS;Dimensão nominal de projeto não é limite líquido nem volume final. S3/P7 aparece rodada em planta. Descontar encontros com fundações contínuas, vigas e outras sapatas apenas após compatibilização.
OBS-D04-J-S4-02;J;D04-S4;RETANGULO_NOMINAL;1,60;1,40;0,40;MAPA_TIPO_E_ORIENTACAO_PLANTA;PENDENTE;PENDENTE;PENDENTE;PENDENTE;PENDENTE;IMP-D04-GRADE;D04-MAPA-SAPATAS;Dimensão nominal de projeto não é limite líquido nem volume final. S3/P7 aparece rodada em planta. Descontar encontros com fundações contínuas, vigas e outras sapatas apenas após compatibilização.
OBS-D04-J-S6-01;J;D04-S6;RETANGULO_NOMINAL;1,00;2,08;0,40;MAPA_TIPO_E_ORIENTACAO_PLANTA;PENDENTE;PENDENTE;PENDENTE;PENDENTE;PENDENTE;IMP-D04-GRADE;D04-MAPA-SAPATAS;Dimensão nominal de projeto não é limite líquido nem volume final. S3/P7 aparece rodada em planta. Descontar encontros com fundações contínuas, vigas e outras sapatas apenas após compatibilização.
OBS-D04-J-S5-01;J;D04-S5;RETANGULO_NOMINAL;1,00;1,00;0,40;MAPA_TIPO_E_ORIENTACAO_PLANTA;PENDENTE;PENDENTE;PENDENTE;PENDENTE;PENDENTE;IMP-D04-GRADE;D04-MAPA-SAPATAS;Dimensão nominal de projeto não é limite líquido nem volume final. S3/P7 aparece rodada em planta. Descontar encontros com fundações contínuas, vigas e outras sapatas apenas após compatibilização.
OBS-D04-J-S5-02;J;D04-S5;RETANGULO_NOMINAL;1,00;1,00;0,40;MAPA_TIPO_E_ORIENTACAO_PLANTA;PENDENTE;PENDENTE;PENDENTE;PENDENTE;PENDENTE;IMP-D04-GRADE;D04-MAPA-SAPATAS;Dimensão nominal de projeto não é limite líquido nem volume final. S3/P7 aparece rodada em planta. Descontar encontros com fundações contínuas, vigas e outras sapatas apenas após compatibilização.
OBS-D04-J-S5-03;J;D04-S5;RETANGULO_NOMINAL;1,00;1,00;0,40;MAPA_TIPO_E_ORIENTACAO_PLANTA;PENDENTE;PENDENTE;PENDENTE;PENDENTE;PENDENTE;IMP-D04-GRADE;D04-MAPA-SAPATAS;Dimensão nominal de projeto não é limite líquido nem volume final. S3/P7 aparece rodada em planta. Descontar encontros com fundações contínuas, vigas e outras sapatas apenas após compatibilização.
OBS-D04-I-S1-01;I;D04-S1;POLIGONO_A_CONFIRMAR;PENDENTE;PENDENTE;0,40;MAPA_TIPO_E_ORIENTACAO_PLANTA;PENDENTE;PENDENTE;PENDENTE;PENDENTE;PENDENTE;IMP-D04-GRADE;D04-MAPA-SAPATAS;Dimensão nominal de projeto não é limite líquido nem volume final. S3/P7 aparece rodada em planta. Descontar encontros com fundações contínuas, vigas e outras sapatas apenas após compatibilização.
OBS-D04-I-S2-01;I;D04-S2;RETANGULO_NOMINAL;5,00;2,90;0,60;MAPA_TIPO_E_ORIENTACAO_PLANTA;PENDENTE;PENDENTE;PENDENTE;PENDENTE;PENDENTE;IMP-D04-GRADE;D04-MAPA-SAPATAS;Dimensão nominal de projeto não é limite líquido nem volume final. S3/P7 aparece rodada em planta. Descontar encontros com fundações contínuas, vigas e outras sapatas apenas após compatibilização.
OBS-D04-I-S3-01;I;D04-S3;RETANGULO_NOMINAL;1,80;1,50;0,40;MAPA_TIPO_E_ORIENTACAO_PLANTA;PENDENTE;PENDENTE;PENDENTE;PENDENTE;PENDENTE;IMP-D04-GRADE;D04-MAPA-SAPATAS;Dimensão nominal de projeto não é limite líquido nem volume final. S3/P7 aparece rodada em planta. Descontar encontros com fundações contínuas, vigas e outras sapatas apenas após compatibilização.
OBS-D04-I-S3-02;I;D04-S3;RETANGULO_NOMINAL;1,50;1,80;0,40;MAPA_TIPO_E_ORIENTACAO_PLANTA;PENDENTE;PENDENTE;PENDENTE;PENDENTE;PENDENTE;IMP-D04-GRADE;D04-MAPA-SAPATAS;Dimensão nominal de projeto não é limite líquido nem volume final. S3/P7 aparece rodada em planta. Descontar encontros com fundações contínuas, vigas e outras sapatas apenas após compatibilização.
OBS-D04-I-S3-03;I;D04-S3;RETANGULO_NOMINAL;1,50;1,80;0,40;MAPA_TIPO_E_ORIENTACAO_PLANTA;PENDENTE;PENDENTE;PENDENTE;PENDENTE;PENDENTE;IMP-D04-GRADE;D04-MAPA-SAPATAS;Dimensão nominal de projeto não é limite líquido nem volume final. S3/P7 aparece rodada em planta. Descontar encontros com fundações contínuas, vigas e outras sapatas apenas após compatibilização.
OBS-D04-I-S3-04;I;D04-S3;RETANGULO_NOMINAL;1,50;1,80;0,40;MAPA_TIPO_E_ORIENTACAO_PLANTA;PENDENTE;PENDENTE;PENDENTE;PENDENTE;PENDENTE;IMP-D04-GRADE;D04-MAPA-SAPATAS;Dimensão nominal de projeto não é limite líquido nem volume final. S3/P7 aparece rodada em planta. Descontar encontros com fundações contínuas, vigas e outras sapatas apenas após compatibilização.
OBS-D04-I-S3-05;I;D04-S3;RETANGULO_NOMINAL;1,50;1,80;0,40;MAPA_TIPO_E_ORIENTACAO_PLANTA;PENDENTE;PENDENTE;PENDENTE;PENDENTE;PENDENTE;IMP-D04-GRADE;D04-MAPA-SAPATAS;Dimensão nominal de projeto não é limite líquido nem volume final. S3/P7 aparece rodada em planta. Descontar encontros com fundações contínuas, vigas e outras sapatas apenas após compatibilização.
OBS-D04-I-S4-01;I;D04-S4;RETANGULO_NOMINAL;1,60;1,40;0,40;MAPA_TIPO_E_ORIENTACAO_PLANTA;PENDENTE;PENDENTE;PENDENTE;PENDENTE;PENDENTE;IMP-D04-GRADE;D04-MAPA-SAPATAS;Dimensão nominal de projeto não é limite líquido nem volume final. S3/P7 aparece rodada em planta. Descontar encontros com fundações contínuas, vigas e outras sapatas apenas após compatibilização.
OBS-D04-I-S4-02;I;D04-S4;RETANGULO_NOMINAL;1,60;1,40;0,40;MAPA_TIPO_E_ORIENTACAO_PLANTA;PENDENTE;PENDENTE;PENDENTE;PENDENTE;PENDENTE;IMP-D04-GRADE;D04-MAPA-SAPATAS;Dimensão nominal de projeto não é limite líquido nem volume final. S3/P7 aparece rodada em planta. Descontar encontros com fundações contínuas, vigas e outras sapatas apenas após compatibilização.
OBS-D04-I-S4-03;I;D04-S4;RETANGULO_NOMINAL;1,60;1,40;0,40;MAPA_TIPO_E_ORIENTACAO_PLANTA;PENDENTE;PENDENTE;PENDENTE;PENDENTE;PENDENTE;IMP-D04-GRADE;D04-MAPA-SAPATAS;Dimensão nominal de projeto não é limite líquido nem volume final. S3/P7 aparece rodada em planta. Descontar encontros com fundações contínuas, vigas e outras sapatas apenas após compatibilização.
OBS-D04-I-S6-01;I;D04-S6;RETANGULO_NOMINAL;1,00;2,08;0,40;MAPA_TIPO_E_ORIENTACAO_PLANTA;PENDENTE;PENDENTE;PENDENTE;PENDENTE;PENDENTE;IMP-D04-GRADE;D04-MAPA-SAPATAS;Dimensão nominal de projeto não é limite líquido nem volume final. S3/P7 aparece rodada em planta. Descontar encontros com fundações contínuas, vigas e outras sapatas apenas após compatibilização.
OBS-D04-I-S5-01;I;D04-S5;RETANGULO_NOMINAL;1,00;1,00;0,40;MAPA_TIPO_E_ORIENTACAO_PLANTA;PENDENTE;PENDENTE;PENDENTE;PENDENTE;PENDENTE;IMP-D04-GRADE;D04-MAPA-SAPATAS;Dimensão nominal de projeto não é limite líquido nem volume final. S3/P7 aparece rodada em planta. Descontar encontros com fundações contínuas, vigas e outras sapatas apenas após compatibilização.
OBS-D04-I-S5-02;I;D04-S5;RETANGULO_NOMINAL;1,00;1,00;0,40;MAPA_TIPO_E_ORIENTACAO_PLANTA;PENDENTE;PENDENTE;PENDENTE;PENDENTE;PENDENTE;IMP-D04-GRADE;D04-MAPA-SAPATAS;Dimensão nominal de projeto não é limite líquido nem volume final. S3/P7 aparece rodada em planta. Descontar encontros com fundações contínuas, vigas e outras sapatas apenas após compatibilização.
OBS-D04-I-S5-03;I;D04-S5;RETANGULO_NOMINAL;1,00;1,00;0,40;MAPA_TIPO_E_ORIENTACAO_PLANTA;PENDENTE;PENDENTE;PENDENTE;PENDENTE;PENDENTE;IMP-D04-GRADE;D04-MAPA-SAPATAS;Dimensão nominal de projeto não é limite líquido nem volume final. S3/P7 aparece rodada em planta. Descontar encontros com fundações contínuas, vigas e outras sapatas apenas após compatibilização.
OBS-D04-H-S1-01;H;D04-S1;POLIGONO_A_CONFIRMAR;PENDENTE;PENDENTE;0,40;MAPA_TIPO_E_ORIENTACAO_PLANTA;PENDENTE;PENDENTE;PENDENTE;PENDENTE;PENDENTE;IMP-D04-GRADE;D04-MAPA-SAPATAS;Dimensão nominal de projeto não é limite líquido nem volume final. S3/P7 aparece rodada em planta. Descontar encontros com fundações contínuas, vigas e outras sapatas apenas após compatibilização.
OBS-D04-H-S2-01;H;D04-S2;RETANGULO_NOMINAL;5,00;2,90;0,60;MAPA_TIPO_E_ORIENTACAO_PLANTA;PENDENTE;PENDENTE;PENDENTE;PENDENTE;PENDENTE;IMP-D04-GRADE;D04-MAPA-SAPATAS;Dimensão nominal de projeto não é limite líquido nem volume final. S3/P7 aparece rodada em planta. Descontar encontros com fundações contínuas, vigas e outras sapatas apenas após compatibilização.
OBS-D04-H-S3-01;H;D04-S3;RETANGULO_NOMINAL;1,80;1,50;0,40;MAPA_TIPO_E_ORIENTACAO_PLANTA;PENDENTE;PENDENTE;PENDENTE;PENDENTE;PENDENTE;IMP-D04-GRADE;D04-MAPA-SAPATAS;Dimensão nominal de projeto não é limite líquido nem volume final. S3/P7 aparece rodada em planta. Descontar encontros com fundações contínuas, vigas e outras sapatas apenas após compatibilização.
OBS-D04-H-S3-02;H;D04-S3;RETANGULO_NOMINAL;1,50;1,80;0,40;MAPA_TIPO_E_ORIENTACAO_PLANTA;PENDENTE;PENDENTE;PENDENTE;PENDENTE;PENDENTE;IMP-D04-GRADE;D04-MAPA-SAPATAS;Dimensão nominal de projeto não é limite líquido nem volume final. S3/P7 aparece rodada em planta. Descontar encontros com fundações contínuas, vigas e outras sapatas apenas após compatibilização.
OBS-D04-H-S3-03;H;D04-S3;RETANGULO_NOMINAL;1,50;1,80;0,40;MAPA_TIPO_E_ORIENTACAO_PLANTA;PENDENTE;PENDENTE;PENDENTE;PENDENTE;PENDENTE;IMP-D04-GRADE;D04-MAPA-SAPATAS;Dimensão nominal de projeto não é limite líquido nem volume final. S3/P7 aparece rodada em planta. Descontar encontros com fundações contínuas, vigas e outras sapatas apenas após compatibilização.
OBS-D04-H-S3-04;H;D04-S3;RETANGULO_NOMINAL;1,50;1,80;0,40;MAPA_TIPO_E_ORIENTACAO_PLANTA;PENDENTE;PENDENTE;PENDENTE;PENDENTE;PENDENTE;IMP-D04-GRADE;D04-MAPA-SAPATAS;Dimensão nominal de projeto não é limite líquido nem volume final. S3/P7 aparece rodada em planta. Descontar encontros com fundações contínuas, vigas e outras sapatas apenas após compatibilização.
OBS-D04-H-S3-05;H;D04-S3;RETANGULO_NOMINAL;1,50;1,80;0,40;MAPA_TIPO_E_ORIENTACAO_PLANTA;PENDENTE;PENDENTE;PENDENTE;PENDENTE;PENDENTE;IMP-D04-GRADE;D04-MAPA-SAPATAS;Dimensão nominal de projeto não é limite líquido nem volume final. S3/P7 aparece rodada em planta. Descontar encontros com fundações contínuas, vigas e outras sapatas apenas após compatibilização.
OBS-D04-H-S4-01;H;D04-S4;RETANGULO_NOMINAL;1,60;1,40;0,40;MAPA_TIPO_E_ORIENTACAO_PLANTA;PENDENTE;PENDENTE;PENDENTE;PENDENTE;PENDENTE;IMP-D04-GRADE;D04-MAPA-SAPATAS;Dimensão nominal de projeto não é limite líquido nem volume final. S3/P7 aparece rodada em planta. Descontar encontros com fundações contínuas, vigas e outras sapatas apenas após compatibilização.
OBS-D04-H-S4-02;H;D04-S4;RETANGULO_NOMINAL;1,60;1,40;0,40;MAPA_TIPO_E_ORIENTACAO_PLANTA;PENDENTE;PENDENTE;PENDENTE;PENDENTE;PENDENTE;IMP-D04-GRADE;D04-MAPA-SAPATAS;Dimensão nominal de projeto não é limite líquido nem volume final. S3/P7 aparece rodada em planta. Descontar encontros com fundações contínuas, vigas e outras sapatas apenas após compatibilização.
OBS-D04-H-S4-03;H;D04-S4;RETANGULO_NOMINAL;1,60;1,40;0,40;MAPA_TIPO_E_ORIENTACAO_PLANTA;PENDENTE;PENDENTE;PENDENTE;PENDENTE;PENDENTE;IMP-D04-GRADE;D04-MAPA-SAPATAS;Dimensão nominal de projeto não é limite líquido nem volume final. S3/P7 aparece rodada em planta. Descontar encontros com fundações contínuas, vigas e outras sapatas apenas após compatibilização.
OBS-D04-H-S6-01;H;D04-S6;RETANGULO_NOMINAL;1,00;2,08;0,40;MAPA_TIPO_E_ORIENTACAO_PLANTA;PENDENTE;PENDENTE;PENDENTE;PENDENTE;PENDENTE;IMP-D04-GRADE;D04-MAPA-SAPATAS;Dimensão nominal de projeto não é limite líquido nem volume final. S3/P7 aparece rodada em planta. Descontar encontros com fundações contínuas, vigas e outras sapatas apenas após compatibilização.
OBS-D04-H-S5-01;H;D04-S5;RETANGULO_NOMINAL;1,00;1,00;0,40;MAPA_TIPO_E_ORIENTACAO_PLANTA;PENDENTE;PENDENTE;PENDENTE;PENDENTE;PENDENTE;IMP-D04-GRADE;D04-MAPA-SAPATAS;Dimensão nominal de projeto não é limite líquido nem volume final. S3/P7 aparece rodada em planta. Descontar encontros com fundações contínuas, vigas e outras sapatas apenas após compatibilização.
OBS-D04-H-S5-02;H;D04-S5;RETANGULO_NOMINAL;1,00;1,00;0,40;MAPA_TIPO_E_ORIENTACAO_PLANTA;PENDENTE;PENDENTE;PENDENTE;PENDENTE;PENDENTE;IMP-D04-GRADE;D04-MAPA-SAPATAS;Dimensão nominal de projeto não é limite líquido nem volume final. S3/P7 aparece rodada em planta. Descontar encontros com fundações contínuas, vigas e outras sapatas apenas após compatibilização.
OBS-D04-H-S5-03;H;D04-S5;RETANGULO_NOMINAL;1,00;1,00;0,40;MAPA_TIPO_E_ORIENTACAO_PLANTA;PENDENTE;PENDENTE;PENDENTE;PENDENTE;PENDENTE;IMP-D04-GRADE;D04-MAPA-SAPATAS;Dimensão nominal de projeto não é limite líquido nem volume final. S3/P7 aparece rodada em planta. Descontar encontros com fundações contínuas, vigas e outras sapatas apenas após compatibilização.
