ocorrencia_id;tipo_id;fracao;localizador;faixa_eixos_da_fracao;eixo_exato_1;eixo_exato_2;cota_fundacao_m;geometria_liquida_m3;estado_identificacao;estado_cadastro_fisico;elemento_id;evidencia_id;observacoes;fracao_registro_original;retificacao_id;evidencia_id_original
OBS-D01-A-S1-01;D01-S1;A;zona N.E. - geometria VER PLANTA;2-8;PENDENTE;PENDENTE;PENDENTE;PENDENTE;CONFIRMADO;PENDENTE;PENDENTE;IMP-D01-GRADE;"Ocorrência gráfica, não medição final. Eixos da faixa não são eixos do elemento. Interseções com muros/vigas pendentes; não somar volumes brutos.";A;NAO_APLICAVEL;D01-PLANTA-A
OBS-D01-A-S2-01;D01-S2;A;sapata conjunta dos dois P2;2-8;PENDENTE;PENDENTE;PENDENTE;PENDENTE;CONFIRMADO;PENDENTE;PENDENTE;IMP-D01-GRADE;"Ocorrência gráfica, não medição final. Eixos da faixa não são eixos do elemento. Interseções com muros/vigas pendentes; não somar volumes brutos.";A;NAO_APLICAVEL;D01-PLANTA-A
OBS-D01-A-S3-01;D01-S3;A;sob P7;2-8;PENDENTE;PENDENTE;PENDENTE;PENDENTE;CONFIRMADO;PENDENTE;PENDENTE;IMP-D01-GRADE;"Ocorrência gráfica, não medição final. Eixos da faixa não são eixos do elemento. Interseções com muros/vigas pendentes; não somar volumes brutos.";A;NAO_APLICAVEL;D01-PLANTA-A
OBS-D01-A-S3-02;D01-S3;A;sob P1 junto a D;2-8;PENDENTE;PENDENTE;PENDENTE;PENDENTE;CONFIRMADO;PENDENTE;PENDENTE;IMP-D01-GRADE;"Ocorrência gráfica, não medição final. Eixos da faixa não são eixos do elemento. Interseções com muros/vigas pendentes; não somar volumes brutos.";A;NAO_APLICAVEL;D01-PLANTA-A
OBS-D01-A-S3-03;D01-S3;A;sob P1 junto a C;2-8;PENDENTE;PENDENTE;PENDENTE;PENDENTE;CONFIRMADO;PENDENTE;PENDENTE;IMP-D01-GRADE;"Ocorrência gráfica, não medição final. Eixos da faixa não são eixos do elemento. Interseções com muros/vigas pendentes; não somar volumes brutos.";A;NAO_APLICAVEL;D01-PLANTA-A
OBS-D01-A-S3-04;D01-S3;A;sob P1 junto a B;2-8;PENDENTE;PENDENTE;PENDENTE;PENDENTE;CONFIRMADO;PENDENTE;PENDENTE;IMP-D01-GRADE;"Ocorrência gráfica, não medição final. Eixos da faixa não são eixos do elemento. Interseções com muros/vigas pendentes; não somar volumes brutos.";A;NAO_APLICAVEL;D01-PLANTA-A
OBS-D01-A-S3-05;D01-S3;A;sob P1 junto a A;2-8;PENDENTE;PENDENTE;PENDENTE;PENDENTE;CONFIRMADO;PENDENTE;PENDENTE;IMP-D01-GRADE;"Ocorrência gráfica, não medição final. Eixos da faixa não são eixos do elemento. Interseções com muros/vigas pendentes; não somar volumes brutos.";A;NAO_APLICAVEL;D01-PLANTA-A
OBS-D01-A-S4-01;D01-S4;A;P3 interior superior;2-8;PENDENTE;PENDENTE;PENDENTE;PENDENTE;CONFIRMADO;PENDENTE;PENDENTE;IMP-D01-GRADE;"Ocorrência gráfica, não medição final. Eixos da faixa não são eixos do elemento. Interseções com muros/vigas pendentes; não somar volumes brutos.";A;NAO_APLICAVEL;D01-PLANTA-A
OBS-D01-A-S4-02;D01-S4;A;P3 interior inferior;2-8;PENDENTE;PENDENTE;PENDENTE;PENDENTE;CONFIRMADO;PENDENTE;PENDENTE;IMP-D01-GRADE;"Ocorrência gráfica, não medição final. Eixos da faixa não são eixos do elemento. Interseções com muros/vigas pendentes; não somar volumes brutos.";A;NAO_APLICAVEL;D01-PLANTA-A
OBS-D01-A-S7-01;D01-S7;A;sapata conjunta PM1/PM2;2-8;PENDENTE;PENDENTE;PENDENTE;PENDENTE;CONFIRMADO;PENDENTE;PENDENTE;IMP-D01-GRADE;"Ocorrência gráfica, não medição final. Eixos da faixa não são eixos do elemento. Interseções com muros/vigas pendentes; não somar volumes brutos.";A;NAO_APLICAVEL;D01-PLANTA-A
OBS-D01-A-S5-01;D01-S5;A;sob PM3;2-8;PENDENTE;PENDENTE;PENDENTE;PENDENTE;CONFIRMADO;PENDENTE;PENDENTE;IMP-D01-GRADE;"Ocorrência gráfica, não medição final. Eixos da faixa não são eixos do elemento. Interseções com muros/vigas pendentes; não somar volumes brutos.";A;NAO_APLICAVEL;D01-PLANTA-A
OBS-D01-A-S5-02;D01-S5;A;sob PM4 junto a E2;2-8;PENDENTE;PENDENTE;PENDENTE;PENDENTE;CONFIRMADO;PENDENTE;PENDENTE;IMP-D01-GRADE;"Ocorrência gráfica, não medição final. Eixos da faixa não são eixos do elemento. Interseções com muros/vigas pendentes; não somar volumes brutos.";A;NAO_APLICAVEL;D01-PLANTA-A
OBS-D01-B-S1-01;D01-S1;B;zona N.E. - geometria VER PLANTA;9-16;PENDENTE;PENDENTE;PENDENTE;PENDENTE;CONFIRMADO;PENDENTE;PENDENTE;IMP-D01-GRADE;"Ocorrência gráfica, não medição final. Eixos da faixa não são eixos do elemento. Interseções com muros/vigas pendentes; não somar volumes brutos.";B;NAO_APLICAVEL;D01-PLANTA-B
OBS-D01-B-S2-01;D01-S2;B;sapata conjunta dos dois P2;9-16;PENDENTE;PENDENTE;PENDENTE;PENDENTE;CONFIRMADO;PENDENTE;PENDENTE;IMP-D01-GRADE;"Ocorrência gráfica, não medição final. Eixos da faixa não são eixos do elemento. Interseções com muros/vigas pendentes; não somar volumes brutos.";B;NAO_APLICAVEL;D01-PLANTA-B
OBS-D01-B-S3-01;D01-S3;B;sob P7;9-16;PENDENTE;PENDENTE;PENDENTE;PENDENTE;CONFIRMADO;PENDENTE;PENDENTE;IMP-D01-GRADE;"Ocorrência gráfica, não medição final. Eixos da faixa não são eixos do elemento. Interseções com muros/vigas pendentes; não somar volumes brutos.";B;NAO_APLICAVEL;D01-PLANTA-B
OBS-D01-B-S3-02;D01-S3;B;sob P1 junto a D;9-16;PENDENTE;PENDENTE;PENDENTE;PENDENTE;CONFIRMADO;PENDENTE;PENDENTE;IMP-D01-GRADE;"Ocorrência gráfica, não medição final. Eixos da faixa não são eixos do elemento. Interseções com muros/vigas pendentes; não somar volumes brutos.";B;NAO_APLICAVEL;D01-PLANTA-B
OBS-D01-B-S3-03;D01-S3;B;sob P1 junto a C;9-16;PENDENTE;PENDENTE;PENDENTE;PENDENTE;CONFIRMADO;PENDENTE;PENDENTE;IMP-D01-GRADE;"Ocorrência gráfica, não medição final. Eixos da faixa não são eixos do elemento. Interseções com muros/vigas pendentes; não somar volumes brutos.";B;NAO_APLICAVEL;D01-PLANTA-B
OBS-D01-B-S3-04;D01-S3;B;sob P1 junto a B;9-16;PENDENTE;PENDENTE;PENDENTE;PENDENTE;CONFIRMADO;PENDENTE;PENDENTE;IMP-D01-GRADE;"Ocorrência gráfica, não medição final. Eixos da faixa não são eixos do elemento. Interseções com muros/vigas pendentes; não somar volumes brutos.";B;NAO_APLICAVEL;D01-PLANTA-B
OBS-D01-B-S3-05;D01-S3;B;sob P1 junto a A;9-16;PENDENTE;PENDENTE;PENDENTE;PENDENTE;CONFIRMADO;PENDENTE;PENDENTE;IMP-D01-GRADE;"Ocorrência gráfica, não medição final. Eixos da faixa não são eixos do elemento. Interseções com muros/vigas pendentes; não somar volumes brutos.";B;NAO_APLICAVEL;D01-PLANTA-B
OBS-D01-B-S4-01;D01-S4;B;P3 interior superior;9-16;PENDENTE;PENDENTE;PENDENTE;PENDENTE;CONFIRMADO;PENDENTE;PENDENTE;IMP-D01-GRADE;"Ocorrência gráfica, não medição final. Eixos da faixa não são eixos do elemento. Interseções com muros/vigas pendentes; não somar volumes brutos.";B;NAO_APLICAVEL;D01-PLANTA-B
OBS-D01-B-S4-02;D01-S4;B;P3 interior inferior;9-16;PENDENTE;PENDENTE;PENDENTE;PENDENTE;CONFIRMADO;PENDENTE;PENDENTE;IMP-D01-GRADE;"Ocorrência gráfica, não medição final. Eixos da faixa não são eixos do elemento. Interseções com muros/vigas pendentes; não somar volumes brutos.";B;NAO_APLICAVEL;D01-PLANTA-B
OBS-D01-B-S7-01;D01-S7;B;sapata conjunta PM1/PM2;9-16;PENDENTE;PENDENTE;PENDENTE;PENDENTE;CONFIRMADO;PENDENTE;PENDENTE;IMP-D01-GRADE;"Ocorrência gráfica, não medição final. Eixos da faixa não são eixos do elemento. Interseções com muros/vigas pendentes; não somar volumes brutos.";B;NAO_APLICAVEL;D01-PLANTA-B
OBS-D01-B-S5-01;D01-S5;B;sob PM3;9-16;PENDENTE;PENDENTE;PENDENTE;PENDENTE;CONFIRMADO;PENDENTE;PENDENTE;IMP-D01-GRADE;"Ocorrência gráfica, não medição final. Eixos da faixa não são eixos do elemento. Interseções com muros/vigas pendentes; não somar volumes brutos.";B;NAO_APLICAVEL;D01-PLANTA-B
OBS-D01-B-S5-02;D01-S5;B;sob PM4 junto a E2;9-16;PENDENTE;PENDENTE;PENDENTE;PENDENTE;CONFIRMADO;PENDENTE;PENDENTE;IMP-D01-GRADE;"Ocorrência gráfica, não medição final. Eixos da faixa não são eixos do elemento. Interseções com muros/vigas pendentes; não somar volumes brutos.";B;NAO_APLICAVEL;D01-PLANTA-B
OBS-D01-C-S1-01;D01-S1;C;zona N.E. - geometria VER PLANTA;17-24;PENDENTE;PENDENTE;PENDENTE;PENDENTE;CONFIRMADO;PENDENTE;PENDENTE;IMP-D01-GRADE;"Ocorrência gráfica, não medição final. Eixos da faixa não são eixos do elemento. Interseções com muros/vigas pendentes; não somar volumes brutos.";C;NAO_APLICAVEL;D01-PLANTA-C
OBS-D01-C-S2-01;D01-S2;C;sapata conjunta dos dois P2;17-24;PENDENTE;PENDENTE;PENDENTE;PENDENTE;CONFIRMADO;PENDENTE;PENDENTE;IMP-D01-GRADE;"Ocorrência gráfica, não medição final. Eixos da faixa não são eixos do elemento. Interseções com muros/vigas pendentes; não somar volumes brutos.";C;NAO_APLICAVEL;D01-PLANTA-C
OBS-D01-C-S3-01;D01-S3;C;sob P7;17-24;PENDENTE;PENDENTE;PENDENTE;PENDENTE;CONFIRMADO;PENDENTE;PENDENTE;IMP-D01-GRADE;"Ocorrência gráfica, não medição final. Eixos da faixa não são eixos do elemento. Interseções com muros/vigas pendentes; não somar volumes brutos.";C;NAO_APLICAVEL;D01-PLANTA-C
OBS-D01-C-S3-02;D01-S3;C;sob P1 junto a D;17-24;PENDENTE;PENDENTE;PENDENTE;PENDENTE;CONFIRMADO;PENDENTE;PENDENTE;IMP-D01-GRADE;"Ocorrência gráfica, não medição final. Eixos da faixa não são eixos do elemento. Interseções com muros/vigas pendentes; não somar volumes brutos.";C;NAO_APLICAVEL;D01-PLANTA-C
OBS-D01-C-S3-03;D01-S3;C;sob P1 junto a C;17-24;PENDENTE;PENDENTE;PENDENTE;PENDENTE;CONFIRMADO;PENDENTE;PENDENTE;IMP-D01-GRADE;"Ocorrência gráfica, não medição final. Eixos da faixa não são eixos do elemento. Interseções com muros/vigas pendentes; não somar volumes brutos.";C;NAO_APLICAVEL;D01-PLANTA-C
OBS-D01-C-S3-04;D01-S3;C;sob P1 junto a B;17-24;PENDENTE;PENDENTE;PENDENTE;PENDENTE;CONFIRMADO;PENDENTE;PENDENTE;IMP-D01-GRADE;"Ocorrência gráfica, não medição final. Eixos da faixa não são eixos do elemento. Interseções com muros/vigas pendentes; não somar volumes brutos.";C;NAO_APLICAVEL;D01-PLANTA-C
OBS-D01-C-S3-05;D01-S3;C;sob P1 junto a A;17-24;PENDENTE;PENDENTE;PENDENTE;PENDENTE;CONFIRMADO;PENDENTE;PENDENTE;IMP-D01-GRADE;"Ocorrência gráfica, não medição final. Eixos da faixa não são eixos do elemento. Interseções com muros/vigas pendentes; não somar volumes brutos.";C;NAO_APLICAVEL;D01-PLANTA-C
OBS-D01-C-S4-01;D01-S4;C;P3 interior superior;17-24;PENDENTE;PENDENTE;PENDENTE;PENDENTE;CONFIRMADO;PENDENTE;PENDENTE;IMP-D01-GRADE;"Ocorrência gráfica, não medição final. Eixos da faixa não são eixos do elemento. Interseções com muros/vigas pendentes; não somar volumes brutos.";C;NAO_APLICAVEL;D01-PLANTA-C
OBS-D01-C-S4-02;D01-S4;C;P3 interior inferior;17-24;PENDENTE;PENDENTE;PENDENTE;PENDENTE;CONFIRMADO;PENDENTE;PENDENTE;IMP-D01-GRADE;"Ocorrência gráfica, não medição final. Eixos da faixa não são eixos do elemento. Interseções com muros/vigas pendentes; não somar volumes brutos.";C;NAO_APLICAVEL;D01-PLANTA-C
OBS-D01-C-S4-03;D01-S4;C;P3 na zona superior de acesso / E1;17-24;PENDENTE;PENDENTE;PENDENTE;PENDENTE;CONFIRMADO;PENDENTE;PENDENTE;IMP-D01-GRADE;"Ocorrência gráfica, não medição final. Eixos da faixa não são eixos do elemento. Interseções com muros/vigas pendentes; não somar volumes brutos.";C;NAO_APLICAVEL;D01-PLANTA-C
OBS-D01-C-S7-01;D01-S7;C;sapata conjunta PM1/PM2;17-24;PENDENTE;PENDENTE;PENDENTE;PENDENTE;CONFIRMADO;PENDENTE;PENDENTE;IMP-D01-GRADE;"Ocorrência gráfica, não medição final. Eixos da faixa não são eixos do elemento. Interseções com muros/vigas pendentes; não somar volumes brutos.";C;NAO_APLICAVEL;D01-PLANTA-C
OBS-D01-C-S5-01;D01-S5;C;sob PM3;17-24;PENDENTE;PENDENTE;PENDENTE;PENDENTE;CONFIRMADO;PENDENTE;PENDENTE;IMP-D01-GRADE;"Ocorrência gráfica, não medição final. Eixos da faixa não são eixos do elemento. Interseções com muros/vigas pendentes; não somar volumes brutos.";C;NAO_APLICAVEL;D01-PLANTA-C
OBS-D01-C-S5-02;D01-S5;C;sob PM4 junto a E2;17-24;PENDENTE;PENDENTE;PENDENTE;PENDENTE;CONFIRMADO;PENDENTE;PENDENTE;IMP-D01-GRADE;"Ocorrência gráfica, não medição final. Eixos da faixa não são eixos do elemento. Interseções com muros/vigas pendentes; não somar volumes brutos.";C;NAO_APLICAVEL;D01-PLANTA-C
OBS-D02-E-S1-01;D02-S1;D;zona N.E. - geometria VER PLANTA;25-32;PENDENTE;PENDENTE;PENDENTE;PENDENTE;CONFIRMADO;PENDENTE;PENDENTE;IMP-D02-GRADE;"Ocorrência gráfica, não medição final. Eixos da faixa não são eixos do elemento. Interseções com muros/vigas pendentes; não somar volumes brutos.";E;RET-FRACAO-OBS-D02-E-S1-01;D02-PLANTA-E
OBS-D02-E-S2-01;D02-S2;D;sapata conjunta dos dois P2;25-32;PENDENTE;PENDENTE;PENDENTE;PENDENTE;CONFIRMADO;PENDENTE;PENDENTE;IMP-D02-GRADE;"Ocorrência gráfica, não medição final. Eixos da faixa não são eixos do elemento. Interseções com muros/vigas pendentes; não somar volumes brutos.";E;RET-FRACAO-OBS-D02-E-S2-01;D02-PLANTA-E
OBS-D02-E-S3-01;D02-S3;D;sob P7;25-32;PENDENTE;PENDENTE;PENDENTE;PENDENTE;CONFIRMADO;PENDENTE;PENDENTE;IMP-D02-GRADE;"Ocorrência gráfica, não medição final. Eixos da faixa não são eixos do elemento. Interseções com muros/vigas pendentes; não somar volumes brutos.";E;RET-FRACAO-OBS-D02-E-S3-01;D02-PLANTA-E
OBS-D02-E-S3-02;D02-S3;D;sob P1 junto a D;25-32;PENDENTE;PENDENTE;PENDENTE;PENDENTE;CONFIRMADO;PENDENTE;PENDENTE;IMP-D02-GRADE;"Ocorrência gráfica, não medição final. Eixos da faixa não são eixos do elemento. Interseções com muros/vigas pendentes; não somar volumes brutos.";E;RET-FRACAO-OBS-D02-E-S3-02;D02-PLANTA-E
OBS-D02-E-S3-03;D02-S3;D;sob P1 junto a C;25-32;PENDENTE;PENDENTE;PENDENTE;PENDENTE;CONFIRMADO;PENDENTE;PENDENTE;IMP-D02-GRADE;"Ocorrência gráfica, não medição final. Eixos da faixa não são eixos do elemento. Interseções com muros/vigas pendentes; não somar volumes brutos.";E;RET-FRACAO-OBS-D02-E-S3-03;D02-PLANTA-E
OBS-D02-E-S3-04;D02-S3;D;sob P1 junto a B;25-32;PENDENTE;PENDENTE;PENDENTE;PENDENTE;CONFIRMADO;PENDENTE;PENDENTE;IMP-D02-GRADE;"Ocorrência gráfica, não medição final. Eixos da faixa não são eixos do elemento. Interseções com muros/vigas pendentes; não somar volumes brutos.";E;RET-FRACAO-OBS-D02-E-S3-04;D02-PLANTA-E
OBS-D02-E-S3-05;D02-S3;D;sob P1 junto a A;25-32;PENDENTE;PENDENTE;PENDENTE;PENDENTE;CONFIRMADO;PENDENTE;PENDENTE;IMP-D02-GRADE;"Ocorrência gráfica, não medição final. Eixos da faixa não são eixos do elemento. Interseções com muros/vigas pendentes; não somar volumes brutos.";E;RET-FRACAO-OBS-D02-E-S3-05;D02-PLANTA-E
OBS-D02-E-S4-01;D02-S4;D;P3 interior superior;25-32;PENDENTE;PENDENTE;PENDENTE;PENDENTE;CONFIRMADO;PENDENTE;PENDENTE;IMP-D02-GRADE;"Ocorrência gráfica, não medição final. Eixos da faixa não são eixos do elemento. Interseções com muros/vigas pendentes; não somar volumes brutos.";E;RET-FRACAO-OBS-D02-E-S4-01;D02-PLANTA-E
OBS-D02-E-S4-02;D02-S4;D;P3 interior inferior;25-32;PENDENTE;PENDENTE;PENDENTE;PENDENTE;CONFIRMADO;PENDENTE;PENDENTE;IMP-D02-GRADE;"Ocorrência gráfica, não medição final. Eixos da faixa não são eixos do elemento. Interseções com muros/vigas pendentes; não somar volumes brutos.";E;RET-FRACAO-OBS-D02-E-S4-02;D02-PLANTA-E
OBS-D02-E-S4-03;D02-S4;D;P3 na zona superior de acesso / E1;25-32;PENDENTE;PENDENTE;PENDENTE;PENDENTE;CONFIRMADO;PENDENTE;PENDENTE;IMP-D02-GRADE;"Ocorrência gráfica, não medição final. Eixos da faixa não são eixos do elemento. Interseções com muros/vigas pendentes; não somar volumes brutos.";E;RET-FRACAO-OBS-D02-E-S4-03;D02-PLANTA-E
OBS-D02-E-S7-01;D02-S7;D;sapata conjunta PM1/PM2;25-32;PENDENTE;PENDENTE;PENDENTE;PENDENTE;CONFIRMADO;PENDENTE;PENDENTE;IMP-D02-GRADE;"Ocorrência gráfica, não medição final. Eixos da faixa não são eixos do elemento. Interseções com muros/vigas pendentes; não somar volumes brutos.";E;RET-FRACAO-OBS-D02-E-S7-01;D02-PLANTA-E
OBS-D02-E-S5-01;D02-S5;D;sob PM3;25-32;PENDENTE;PENDENTE;PENDENTE;PENDENTE;CONFIRMADO;PENDENTE;PENDENTE;IMP-D02-GRADE;"Ocorrência gráfica, não medição final. Eixos da faixa não são eixos do elemento. Interseções com muros/vigas pendentes; não somar volumes brutos.";E;RET-FRACAO-OBS-D02-E-S5-01;D02-PLANTA-E
OBS-D02-E-S5-02;D02-S5;D;sob PM4 junto a E2;25-32;PENDENTE;PENDENTE;PENDENTE;PENDENTE;CONFIRMADO;PENDENTE;PENDENTE;IMP-D02-GRADE;"Ocorrência gráfica, não medição final. Eixos da faixa não são eixos do elemento. Interseções com muros/vigas pendentes; não somar volumes brutos.";E;RET-FRACAO-OBS-D02-E-S5-02;D02-PLANTA-E
OBS-D02-D-S1-01;D02-S1;E;zona N.E. - geometria VER PLANTA;33-40;PENDENTE;PENDENTE;PENDENTE;PENDENTE;CONFIRMADO;PENDENTE;PENDENTE;IMP-D02-GRADE;"Ocorrência gráfica, não medição final. Eixos da faixa não são eixos do elemento. Interseções com muros/vigas pendentes; não somar volumes brutos.";D;RET-FRACAO-OBS-D02-D-S1-01;D02-PLANTA-D
OBS-D02-D-S2-01;D02-S2;E;sapata conjunta dos dois P2;33-40;PENDENTE;PENDENTE;PENDENTE;PENDENTE;CONFIRMADO;PENDENTE;PENDENTE;IMP-D02-GRADE;"Ocorrência gráfica, não medição final. Eixos da faixa não são eixos do elemento. Interseções com muros/vigas pendentes; não somar volumes brutos.";D;RET-FRACAO-OBS-D02-D-S2-01;D02-PLANTA-D
OBS-D02-D-S3-01;D02-S3;E;sob P7;33-40;PENDENTE;PENDENTE;PENDENTE;PENDENTE;CONFIRMADO;PENDENTE;PENDENTE;IMP-D02-GRADE;"Ocorrência gráfica, não medição final. Eixos da faixa não são eixos do elemento. Interseções com muros/vigas pendentes; não somar volumes brutos.";D;RET-FRACAO-OBS-D02-D-S3-01;D02-PLANTA-D
OBS-D02-D-S3-02;D02-S3;E;sob P1 junto a D;33-40;PENDENTE;PENDENTE;PENDENTE;PENDENTE;CONFIRMADO;PENDENTE;PENDENTE;IMP-D02-GRADE;"Ocorrência gráfica, não medição final. Eixos da faixa não são eixos do elemento. Interseções com muros/vigas pendentes; não somar volumes brutos.";D;RET-FRACAO-OBS-D02-D-S3-02;D02-PLANTA-D
OBS-D02-D-S3-03;D02-S3;E;sob P1 junto a C;33-40;PENDENTE;PENDENTE;PENDENTE;PENDENTE;CONFIRMADO;PENDENTE;PENDENTE;IMP-D02-GRADE;"Ocorrência gráfica, não medição final. Eixos da faixa não são eixos do elemento. Interseções com muros/vigas pendentes; não somar volumes brutos.";D;RET-FRACAO-OBS-D02-D-S3-03;D02-PLANTA-D
OBS-D02-D-S3-04;D02-S3;E;sob P1 junto a B;33-40;PENDENTE;PENDENTE;PENDENTE;PENDENTE;CONFIRMADO;PENDENTE;PENDENTE;IMP-D02-GRADE;"Ocorrência gráfica, não medição final. Eixos da faixa não são eixos do elemento. Interseções com muros/vigas pendentes; não somar volumes brutos.";D;RET-FRACAO-OBS-D02-D-S3-04;D02-PLANTA-D
OBS-D02-D-S3-05;D02-S3;E;sob P1 junto a A;33-40;PENDENTE;PENDENTE;PENDENTE;PENDENTE;CONFIRMADO;PENDENTE;PENDENTE;IMP-D02-GRADE;"Ocorrência gráfica, não medição final. Eixos da faixa não são eixos do elemento. Interseções com muros/vigas pendentes; não somar volumes brutos.";D;RET-FRACAO-OBS-D02-D-S3-05;D02-PLANTA-D
OBS-D02-D-S4-01;D02-S4;E;P3 interior superior;33-40;PENDENTE;PENDENTE;PENDENTE;PENDENTE;CONFIRMADO;PENDENTE;PENDENTE;IMP-D02-GRADE;"Ocorrência gráfica, não medição final. Eixos da faixa não são eixos do elemento. Interseções com muros/vigas pendentes; não somar volumes brutos.";D;RET-FRACAO-OBS-D02-D-S4-01;D02-PLANTA-D
OBS-D02-D-S4-02;D02-S4;E;P3 interior inferior;33-40;PENDENTE;PENDENTE;PENDENTE;PENDENTE;CONFIRMADO;PENDENTE;PENDENTE;IMP-D02-GRADE;"Ocorrência gráfica, não medição final. Eixos da faixa não são eixos do elemento. Interseções com muros/vigas pendentes; não somar volumes brutos.";D;RET-FRACAO-OBS-D02-D-S4-02;D02-PLANTA-D
OBS-D02-D-S7-01;D02-S7;E;sapata conjunta PM1/PM2;33-40;PENDENTE;PENDENTE;PENDENTE;PENDENTE;CONFIRMADO;PENDENTE;PENDENTE;IMP-D02-GRADE;"Ocorrência gráfica, não medição final. Eixos da faixa não são eixos do elemento. Interseções com muros/vigas pendentes; não somar volumes brutos.";D;RET-FRACAO-OBS-D02-D-S7-01;D02-PLANTA-D
OBS-D02-D-S5-01;D02-S5;E;sob PM3;33-40;PENDENTE;PENDENTE;PENDENTE;PENDENTE;CONFIRMADO;PENDENTE;PENDENTE;IMP-D02-GRADE;"Ocorrência gráfica, não medição final. Eixos da faixa não são eixos do elemento. Interseções com muros/vigas pendentes; não somar volumes brutos.";D;RET-FRACAO-OBS-D02-D-S5-01;D02-PLANTA-D
OBS-D02-D-S5-02;D02-S5;E;sob PM4 junto a E2;33-40;PENDENTE;PENDENTE;PENDENTE;PENDENTE;CONFIRMADO;PENDENTE;PENDENTE;IMP-D02-GRADE;"Ocorrência gráfica, não medição final. Eixos da faixa não são eixos do elemento. Interseções com muros/vigas pendentes; não somar volumes brutos.";D;RET-FRACAO-OBS-D02-D-S5-02;D02-PLANTA-D
OBS-D03-G-S1-01;D03-S1;G;zona N.E. - geometria VER PLANTA;25'-32';PENDENTE;PENDENTE;PENDENTE;PENDENTE;CONFIRMADO;PENDENTE;PENDENTE;IMP-D03-GRADE;"Ocorrência gráfica, não medição final. Eixos da faixa não são eixos do elemento. Interseções com muros/vigas pendentes; não somar volumes brutos.";G;NAO_APLICAVEL;D03-PLANTA-G
OBS-D03-G-S2-01;D03-S2;G;sapata conjunta dos dois P2;25'-32';PENDENTE;PENDENTE;PENDENTE;PENDENTE;CONFIRMADO;PENDENTE;PENDENTE;IMP-D03-GRADE;"Ocorrência gráfica, não medição final. Eixos da faixa não são eixos do elemento. Interseções com muros/vigas pendentes; não somar volumes brutos.";G;NAO_APLICAVEL;D03-PLANTA-G
OBS-D03-G-S3-01;D03-S3;G;sob P7;25'-32';PENDENTE;PENDENTE;PENDENTE;PENDENTE;CONFIRMADO;PENDENTE;PENDENTE;IMP-D03-GRADE;"Ocorrência gráfica, não medição final. Eixos da faixa não são eixos do elemento. Interseções com muros/vigas pendentes; não somar volumes brutos.";G;NAO_APLICAVEL;D03-PLANTA-G
OBS-D03-G-S3-02;D03-S3;G;sob P1 junto a D;25'-32';PENDENTE;PENDENTE;PENDENTE;PENDENTE;CONFIRMADO;PENDENTE;PENDENTE;IMP-D03-GRADE;"Ocorrência gráfica, não medição final. Eixos da faixa não são eixos do elemento. Interseções com muros/vigas pendentes; não somar volumes brutos.";G;NAO_APLICAVEL;D03-PLANTA-G
OBS-D03-G-S3-03;D03-S3;G;sob P1 junto a C;25'-32';PENDENTE;PENDENTE;PENDENTE;PENDENTE;CONFIRMADO;PENDENTE;PENDENTE;IMP-D03-GRADE;"Ocorrência gráfica, não medição final. Eixos da faixa não são eixos do elemento. Interseções com muros/vigas pendentes; não somar volumes brutos.";G;NAO_APLICAVEL;D03-PLANTA-G
OBS-D03-G-S3-04;D03-S3;G;sob P1 junto a B;25'-32';PENDENTE;PENDENTE;PENDENTE;PENDENTE;CONFIRMADO;PENDENTE;PENDENTE;IMP-D03-GRADE;"Ocorrência gráfica, não medição final. Eixos da faixa não são eixos do elemento. Interseções com muros/vigas pendentes; não somar volumes brutos.";G;NAO_APLICAVEL;D03-PLANTA-G
OBS-D03-G-S3-05;D03-S3;G;sob P1 junto a A;25'-32';PENDENTE;PENDENTE;PENDENTE;PENDENTE;CONFIRMADO;PENDENTE;PENDENTE;IMP-D03-GRADE;"Ocorrência gráfica, não medição final. Eixos da faixa não são eixos do elemento. Interseções com muros/vigas pendentes; não somar volumes brutos.";G;NAO_APLICAVEL;D03-PLANTA-G
OBS-D03-G-S4-01;D03-S4;G;P3 interior superior;25'-32';PENDENTE;PENDENTE;PENDENTE;PENDENTE;CONFIRMADO;PENDENTE;PENDENTE;IMP-D03-GRADE;"Ocorrência gráfica, não medição final. Eixos da faixa não são eixos do elemento. Interseções com muros/vigas pendentes; não somar volumes brutos.";G;NAO_APLICAVEL;D03-PLANTA-G
OBS-D03-G-S4-02;D03-S4;G;P3 interior inferior;25'-32';PENDENTE;PENDENTE;PENDENTE;PENDENTE;CONFIRMADO;PENDENTE;PENDENTE;IMP-D03-GRADE;"Ocorrência gráfica, não medição final. Eixos da faixa não são eixos do elemento. Interseções com muros/vigas pendentes; não somar volumes brutos.";G;NAO_APLICAVEL;D03-PLANTA-G
OBS-D03-G-S4-03;D03-S4;G;P3 na zona superior de acesso / E1;25'-32';PENDENTE;PENDENTE;PENDENTE;PENDENTE;CONFIRMADO;PENDENTE;PENDENTE;IMP-D03-GRADE;"Ocorrência gráfica, não medição final. Eixos da faixa não são eixos do elemento. Interseções com muros/vigas pendentes; não somar volumes brutos.";G;NAO_APLICAVEL;D03-PLANTA-G
OBS-D03-G-S6-01;D03-S6;G;sapata conjunta PM3/PM4;25'-32';PENDENTE;PENDENTE;PENDENTE;PENDENTE;CONFIRMADO;PENDENTE;PENDENTE;IMP-D03-GRADE;"Ocorrência gráfica, não medição final. Eixos da faixa não são eixos do elemento. Interseções com muros/vigas pendentes; não somar volumes brutos.";G;NAO_APLICAVEL;D03-PLANTA-G
OBS-D03-G-S5-01;D03-S5;G;sob PM1 junto a E2;25'-32';PENDENTE;PENDENTE;PENDENTE;PENDENTE;CONFIRMADO;PENDENTE;PENDENTE;IMP-D03-GRADE;"Ocorrência gráfica, não medição final. Eixos da faixa não são eixos do elemento. Interseções com muros/vigas pendentes; não somar volumes brutos.";G;NAO_APLICAVEL;D03-PLANTA-G
OBS-D03-G-PENDENTE-01;PENDENTE;G;sob PM2 - cota 1.00x1.00 visível, designação não confirmada;25'-32';PENDENTE;PENDENTE;PENDENTE;PENDENTE;PENDENTE;PENDENTE;PENDENTE;IMP-D03-GRADE;"Ocorrência gráfica, não medição final. Eixos da faixa não são eixos do elemento. Interseções com muros/vigas pendentes; não somar volumes brutos.";G;NAO_APLICAVEL;D03-PLANTA-G
OBS-D03-G-PENDENTE-02;PENDENTE;G;sob PM5 - designação não confirmada;25'-32';PENDENTE;PENDENTE;PENDENTE;PENDENTE;PENDENTE;PENDENTE;PENDENTE;IMP-D03-GRADE;"Ocorrência gráfica, não medição final. Eixos da faixa não são eixos do elemento. Interseções com muros/vigas pendentes; não somar volumes brutos.";G;NAO_APLICAVEL;D03-PLANTA-G
OBS-D03-F-S1-01;D03-S1;F;zona N.E. - geometria VER PLANTA;33'-40';PENDENTE;PENDENTE;PENDENTE;PENDENTE;CONFIRMADO;PENDENTE;PENDENTE;IMP-D03-GRADE;"Ocorrência gráfica, não medição final. Eixos da faixa não são eixos do elemento. Interseções com muros/vigas pendentes; não somar volumes brutos.";F;NAO_APLICAVEL;D03-PLANTA-F
OBS-D03-F-S2-01;D03-S2;F;sapata conjunta dos dois P2;33'-40';PENDENTE;PENDENTE;PENDENTE;PENDENTE;CONFIRMADO;PENDENTE;PENDENTE;IMP-D03-GRADE;"Ocorrência gráfica, não medição final. Eixos da faixa não são eixos do elemento. Interseções com muros/vigas pendentes; não somar volumes brutos.";F;NAO_APLICAVEL;D03-PLANTA-F
OBS-D03-F-S3-01;D03-S3;F;sob P7;33'-40';PENDENTE;PENDENTE;PENDENTE;PENDENTE;CONFIRMADO;PENDENTE;PENDENTE;IMP-D03-GRADE;"Ocorrência gráfica, não medição final. Eixos da faixa não são eixos do elemento. Interseções com muros/vigas pendentes; não somar volumes brutos.";F;NAO_APLICAVEL;D03-PLANTA-F
OBS-D03-F-S3-02;D03-S3;F;sob P1 junto a D;33'-40';PENDENTE;PENDENTE;PENDENTE;PENDENTE;CONFIRMADO;PENDENTE;PENDENTE;IMP-D03-GRADE;"Ocorrência gráfica, não medição final. Eixos da faixa não são eixos do elemento. Interseções com muros/vigas pendentes; não somar volumes brutos.";F;NAO_APLICAVEL;D03-PLANTA-F
OBS-D03-F-S3-03;D03-S3;F;sob P1 junto a C;33'-40';PENDENTE;PENDENTE;PENDENTE;PENDENTE;CONFIRMADO;PENDENTE;PENDENTE;IMP-D03-GRADE;"Ocorrência gráfica, não medição final. Eixos da faixa não são eixos do elemento. Interseções com muros/vigas pendentes; não somar volumes brutos.";F;NAO_APLICAVEL;D03-PLANTA-F
OBS-D03-F-S3-04;D03-S3;F;sob P1 junto a B;33'-40';PENDENTE;PENDENTE;PENDENTE;PENDENTE;CONFIRMADO;PENDENTE;PENDENTE;IMP-D03-GRADE;"Ocorrência gráfica, não medição final. Eixos da faixa não são eixos do elemento. Interseções com muros/vigas pendentes; não somar volumes brutos.";F;NAO_APLICAVEL;D03-PLANTA-F
OBS-D03-F-S3-05;D03-S3;F;sob P1 junto a A;33'-40';PENDENTE;PENDENTE;PENDENTE;PENDENTE;CONFIRMADO;PENDENTE;PENDENTE;IMP-D03-GRADE;"Ocorrência gráfica, não medição final. Eixos da faixa não são eixos do elemento. Interseções com muros/vigas pendentes; não somar volumes brutos.";F;NAO_APLICAVEL;D03-PLANTA-F
OBS-D03-F-S4-01;D03-S4;F;P3 interior superior;33'-40';PENDENTE;PENDENTE;PENDENTE;PENDENTE;CONFIRMADO;PENDENTE;PENDENTE;IMP-D03-GRADE;"Ocorrência gráfica, não medição final. Eixos da faixa não são eixos do elemento. Interseções com muros/vigas pendentes; não somar volumes brutos.";F;NAO_APLICAVEL;D03-PLANTA-F
OBS-D03-F-S4-02;D03-S4;F;P3 interior inferior;33'-40';PENDENTE;PENDENTE;PENDENTE;PENDENTE;CONFIRMADO;PENDENTE;PENDENTE;IMP-D03-GRADE;"Ocorrência gráfica, não medição final. Eixos da faixa não são eixos do elemento. Interseções com muros/vigas pendentes; não somar volumes brutos.";F;NAO_APLICAVEL;D03-PLANTA-F
OBS-D03-F-S6-01;D03-S6;F;sapata conjunta PM3/PM4;33'-40';PENDENTE;PENDENTE;PENDENTE;PENDENTE;CONFIRMADO;PENDENTE;PENDENTE;IMP-D03-GRADE;"Ocorrência gráfica, não medição final. Eixos da faixa não são eixos do elemento. Interseções com muros/vigas pendentes; não somar volumes brutos.";F;NAO_APLICAVEL;D03-PLANTA-F
OBS-D03-F-S5-01;D03-S5;F;sob PM1 junto a E2;33'-40';PENDENTE;PENDENTE;PENDENTE;PENDENTE;CONFIRMADO;PENDENTE;PENDENTE;IMP-D03-GRADE;"Ocorrência gráfica, não medição final. Eixos da faixa não são eixos do elemento. Interseções com muros/vigas pendentes; não somar volumes brutos.";F;NAO_APLICAVEL;D03-PLANTA-F
OBS-D03-F-PENDENTE-01;PENDENTE;F;sob PM2 - cota 1.00x1.00 visível, designação não confirmada;33'-40';PENDENTE;PENDENTE;PENDENTE;PENDENTE;PENDENTE;PENDENTE;PENDENTE;IMP-D03-GRADE;"Ocorrência gráfica, não medição final. Eixos da faixa não são eixos do elemento. Interseções com muros/vigas pendentes; não somar volumes brutos.";F;NAO_APLICAVEL;D03-PLANTA-F
OBS-D03-F-PENDENTE-02;PENDENTE;F;sob PM5 - designação não confirmada;33'-40';PENDENTE;PENDENTE;PENDENTE;PENDENTE;PENDENTE;PENDENTE;PENDENTE;IMP-D03-GRADE;"Ocorrência gráfica, não medição final. Eixos da faixa não são eixos do elemento. Interseções com muros/vigas pendentes; não somar volumes brutos.";F;NAO_APLICAVEL;D03-PLANTA-F
OBS-D04-J-S1-01;D04-S1;J;zona N.E. - geometria VER PLANTA;1'-8';PENDENTE;PENDENTE;PENDENTE;PENDENTE;CONFIRMADO;PENDENTE;PENDENTE;IMP-D04-GRADE;"Ocorrência gráfica, não medição final. Eixos da faixa não são eixos do elemento. Interseções com muros/vigas pendentes; não somar volumes brutos.";J;NAO_APLICAVEL;D04-PLANTA-J
OBS-D04-J-S2-01;D04-S2;J;sapata conjunta dos dois P2;1'-8';PENDENTE;PENDENTE;PENDENTE;PENDENTE;CONFIRMADO;PENDENTE;PENDENTE;IMP-D04-GRADE;"Ocorrência gráfica, não medição final. Eixos da faixa não são eixos do elemento. Interseções com muros/vigas pendentes; não somar volumes brutos.";J;NAO_APLICAVEL;D04-PLANTA-J
OBS-D04-J-S3-01;D04-S3;J;sob P7;1'-8';PENDENTE;PENDENTE;PENDENTE;PENDENTE;CONFIRMADO;PENDENTE;PENDENTE;IMP-D04-GRADE;"Ocorrência gráfica, não medição final. Eixos da faixa não são eixos do elemento. Interseções com muros/vigas pendentes; não somar volumes brutos.";J;NAO_APLICAVEL;D04-PLANTA-J
OBS-D04-J-S3-02;D04-S3;J;sob P1 junto a D;1'-8';PENDENTE;PENDENTE;PENDENTE;PENDENTE;CONFIRMADO;PENDENTE;PENDENTE;IMP-D04-GRADE;"Ocorrência gráfica, não medição final. Eixos da faixa não são eixos do elemento. Interseções com muros/vigas pendentes; não somar volumes brutos.";J;NAO_APLICAVEL;D04-PLANTA-J
OBS-D04-J-S3-03;D04-S3;J;sob P1 junto a C;1'-8';PENDENTE;PENDENTE;PENDENTE;PENDENTE;CONFIRMADO;PENDENTE;PENDENTE;IMP-D04-GRADE;"Ocorrência gráfica, não medição final. Eixos da faixa não são eixos do elemento. Interseções com muros/vigas pendentes; não somar volumes brutos.";J;NAO_APLICAVEL;D04-PLANTA-J
OBS-D04-J-S3-04;D04-S3;J;sob P1 junto a B;1'-8';PENDENTE;PENDENTE;PENDENTE;PENDENTE;CONFIRMADO;PENDENTE;PENDENTE;IMP-D04-GRADE;"Ocorrência gráfica, não medição final. Eixos da faixa não são eixos do elemento. Interseções com muros/vigas pendentes; não somar volumes brutos.";J;NAO_APLICAVEL;D04-PLANTA-J
OBS-D04-J-S3-05;D04-S3;J;sob P1 junto a A;1'-8';PENDENTE;PENDENTE;PENDENTE;PENDENTE;CONFIRMADO;PENDENTE;PENDENTE;IMP-D04-GRADE;"Ocorrência gráfica, não medição final. Eixos da faixa não são eixos do elemento. Interseções com muros/vigas pendentes; não somar volumes brutos.";J;NAO_APLICAVEL;D04-PLANTA-J
OBS-D04-J-S4-01;D04-S4;J;P3 interior superior;1'-8';PENDENTE;PENDENTE;PENDENTE;PENDENTE;CONFIRMADO;PENDENTE;PENDENTE;IMP-D04-GRADE;"Ocorrência gráfica, não medição final. Eixos da faixa não são eixos do elemento. Interseções com muros/vigas pendentes; não somar volumes brutos.";J;NAO_APLICAVEL;D04-PLANTA-J
OBS-D04-J-S4-02;D04-S4;J;P3 interior inferior;1'-8';PENDENTE;PENDENTE;PENDENTE;PENDENTE;CONFIRMADO;PENDENTE;PENDENTE;IMP-D04-GRADE;"Ocorrência gráfica, não medição final. Eixos da faixa não são eixos do elemento. Interseções com muros/vigas pendentes; não somar volumes brutos.";J;NAO_APLICAVEL;D04-PLANTA-J
OBS-D04-J-S6-01;D04-S6;J;sapata conjunta PM3/PM4;1'-8';PENDENTE;PENDENTE;PENDENTE;PENDENTE;CONFIRMADO;PENDENTE;PENDENTE;IMP-D04-GRADE;"Ocorrência gráfica, não medição final. Eixos da faixa não são eixos do elemento. Interseções com muros/vigas pendentes; não somar volumes brutos.";J;NAO_APLICAVEL;D04-PLANTA-J
OBS-D04-J-S5-01;D04-S5;J;sob PM1 junto a E2;1'-8';PENDENTE;PENDENTE;PENDENTE;PENDENTE;CONFIRMADO;PENDENTE;PENDENTE;IMP-D04-GRADE;"Ocorrência gráfica, não medição final. Eixos da faixa não são eixos do elemento. Interseções com muros/vigas pendentes; não somar volumes brutos.";J;NAO_APLICAVEL;D04-PLANTA-J
OBS-D04-J-S5-02;D04-S5;J;sob PM2;1'-8';PENDENTE;PENDENTE;PENDENTE;PENDENTE;CONFIRMADO;PENDENTE;PENDENTE;IMP-D04-GRADE;"Ocorrência gráfica, não medição final. Eixos da faixa não são eixos do elemento. Interseções com muros/vigas pendentes; não somar volumes brutos.";J;NAO_APLICAVEL;D04-PLANTA-J
OBS-D04-J-S5-03;D04-S5;J;sob PM5;1'-8';PENDENTE;PENDENTE;PENDENTE;PENDENTE;CONFIRMADO;PENDENTE;PENDENTE;IMP-D04-GRADE;"Ocorrência gráfica, não medição final. Eixos da faixa não são eixos do elemento. Interseções com muros/vigas pendentes; não somar volumes brutos.";J;NAO_APLICAVEL;D04-PLANTA-J
OBS-D04-I-S1-01;D04-S1;I;zona N.E. - geometria VER PLANTA;9'-16';PENDENTE;PENDENTE;PENDENTE;PENDENTE;CONFIRMADO;PENDENTE;PENDENTE;IMP-D04-GRADE;"Ocorrência gráfica, não medição final. Eixos da faixa não são eixos do elemento. Interseções com muros/vigas pendentes; não somar volumes brutos.";I;NAO_APLICAVEL;D04-PLANTA-I
OBS-D04-I-S2-01;D04-S2;I;sapata conjunta dos dois P2;9'-16';PENDENTE;PENDENTE;PENDENTE;PENDENTE;CONFIRMADO;PENDENTE;PENDENTE;IMP-D04-GRADE;"Ocorrência gráfica, não medição final. Eixos da faixa não são eixos do elemento. Interseções com muros/vigas pendentes; não somar volumes brutos.";I;NAO_APLICAVEL;D04-PLANTA-I
OBS-D04-I-S3-01;D04-S3;I;sob P7;9'-16';PENDENTE;PENDENTE;PENDENTE;PENDENTE;CONFIRMADO;PENDENTE;PENDENTE;IMP-D04-GRADE;"Ocorrência gráfica, não medição final. Eixos da faixa não são eixos do elemento. Interseções com muros/vigas pendentes; não somar volumes brutos.";I;NAO_APLICAVEL;D04-PLANTA-I
OBS-D04-I-S3-02;D04-S3;I;sob P1 junto a D;9'-16';PENDENTE;PENDENTE;PENDENTE;PENDENTE;CONFIRMADO;PENDENTE;PENDENTE;IMP-D04-GRADE;"Ocorrência gráfica, não medição final. Eixos da faixa não são eixos do elemento. Interseções com muros/vigas pendentes; não somar volumes brutos.";I;NAO_APLICAVEL;D04-PLANTA-I
OBS-D04-I-S3-03;D04-S3;I;sob P1 junto a C;9'-16';PENDENTE;PENDENTE;PENDENTE;PENDENTE;CONFIRMADO;PENDENTE;PENDENTE;IMP-D04-GRADE;"Ocorrência gráfica, não medição final. Eixos da faixa não são eixos do elemento. Interseções com muros/vigas pendentes; não somar volumes brutos.";I;NAO_APLICAVEL;D04-PLANTA-I
OBS-D04-I-S3-04;D04-S3;I;sob P1 junto a B;9'-16';PENDENTE;PENDENTE;PENDENTE;PENDENTE;CONFIRMADO;PENDENTE;PENDENTE;IMP-D04-GRADE;"Ocorrência gráfica, não medição final. Eixos da faixa não são eixos do elemento. Interseções com muros/vigas pendentes; não somar volumes brutos.";I;NAO_APLICAVEL;D04-PLANTA-I
OBS-D04-I-S3-05;D04-S3;I;sob P1 junto a A;9'-16';PENDENTE;PENDENTE;PENDENTE;PENDENTE;CONFIRMADO;PENDENTE;PENDENTE;IMP-D04-GRADE;"Ocorrência gráfica, não medição final. Eixos da faixa não são eixos do elemento. Interseções com muros/vigas pendentes; não somar volumes brutos.";I;NAO_APLICAVEL;D04-PLANTA-I
OBS-D04-I-S4-01;D04-S4;I;P3 interior superior;9'-16';PENDENTE;PENDENTE;PENDENTE;PENDENTE;CONFIRMADO;PENDENTE;PENDENTE;IMP-D04-GRADE;"Ocorrência gráfica, não medição final. Eixos da faixa não são eixos do elemento. Interseções com muros/vigas pendentes; não somar volumes brutos.";I;NAO_APLICAVEL;D04-PLANTA-I
OBS-D04-I-S4-02;D04-S4;I;P3 interior inferior;9'-16';PENDENTE;PENDENTE;PENDENTE;PENDENTE;CONFIRMADO;PENDENTE;PENDENTE;IMP-D04-GRADE;"Ocorrência gráfica, não medição final. Eixos da faixa não são eixos do elemento. Interseções com muros/vigas pendentes; não somar volumes brutos.";I;NAO_APLICAVEL;D04-PLANTA-I
OBS-D04-I-S4-03;D04-S4;I;P3 na zona superior de acesso / E1;9'-16';PENDENTE;PENDENTE;PENDENTE;PENDENTE;CONFIRMADO;PENDENTE;PENDENTE;IMP-D04-GRADE;"Ocorrência gráfica, não medição final. Eixos da faixa não são eixos do elemento. Interseções com muros/vigas pendentes; não somar volumes brutos.";I;NAO_APLICAVEL;D04-PLANTA-I
OBS-D04-I-S6-01;D04-S6;I;sapata conjunta PM3/PM4;9'-16';PENDENTE;PENDENTE;PENDENTE;PENDENTE;CONFIRMADO;PENDENTE;PENDENTE;IMP-D04-GRADE;"Ocorrência gráfica, não medição final. Eixos da faixa não são eixos do elemento. Interseções com muros/vigas pendentes; não somar volumes brutos.";I;NAO_APLICAVEL;D04-PLANTA-I
OBS-D04-I-S5-01;D04-S5;I;sob PM1 junto a E2;9'-16';PENDENTE;PENDENTE;PENDENTE;PENDENTE;CONFIRMADO;PENDENTE;PENDENTE;IMP-D04-GRADE;"Ocorrência gráfica, não medição final. Eixos da faixa não são eixos do elemento. Interseções com muros/vigas pendentes; não somar volumes brutos.";I;NAO_APLICAVEL;D04-PLANTA-I
OBS-D04-I-S5-02;D04-S5;I;sob PM2;9'-16';PENDENTE;PENDENTE;PENDENTE;PENDENTE;CONFIRMADO;PENDENTE;PENDENTE;IMP-D04-GRADE;"Ocorrência gráfica, não medição final. Eixos da faixa não são eixos do elemento. Interseções com muros/vigas pendentes; não somar volumes brutos.";I;NAO_APLICAVEL;D04-PLANTA-I
OBS-D04-I-S5-03;D04-S5;I;sob PM5;9'-16';PENDENTE;PENDENTE;PENDENTE;PENDENTE;CONFIRMADO;PENDENTE;PENDENTE;IMP-D04-GRADE;"Ocorrência gráfica, não medição final. Eixos da faixa não são eixos do elemento. Interseções com muros/vigas pendentes; não somar volumes brutos.";I;NAO_APLICAVEL;D04-PLANTA-I
OBS-D04-H-S1-01;D04-S1;H;zona N.E. - geometria VER PLANTA;17'-24';PENDENTE;PENDENTE;PENDENTE;PENDENTE;CONFIRMADO;PENDENTE;PENDENTE;IMP-D04-GRADE;"Ocorrência gráfica, não medição final. Eixos da faixa não são eixos do elemento. Interseções com muros/vigas pendentes; não somar volumes brutos.";H;NAO_APLICAVEL;D04-PLANTA-H
OBS-D04-H-S2-01;D04-S2;H;sapata conjunta dos dois P2;17'-24';PENDENTE;PENDENTE;PENDENTE;PENDENTE;CONFIRMADO;PENDENTE;PENDENTE;IMP-D04-GRADE;"Ocorrência gráfica, não medição final. Eixos da faixa não são eixos do elemento. Interseções com muros/vigas pendentes; não somar volumes brutos.";H;NAO_APLICAVEL;D04-PLANTA-H
OBS-D04-H-S3-01;D04-S3;H;sob P7;17'-24';PENDENTE;PENDENTE;PENDENTE;PENDENTE;CONFIRMADO;PENDENTE;PENDENTE;IMP-D04-GRADE;"Ocorrência gráfica, não medição final. Eixos da faixa não são eixos do elemento. Interseções com muros/vigas pendentes; não somar volumes brutos.";H;NAO_APLICAVEL;D04-PLANTA-H
OBS-D04-H-S3-02;D04-S3;H;sob P1 junto a D;17'-24';PENDENTE;PENDENTE;PENDENTE;PENDENTE;CONFIRMADO;PENDENTE;PENDENTE;IMP-D04-GRADE;"Ocorrência gráfica, não medição final. Eixos da faixa não são eixos do elemento. Interseções com muros/vigas pendentes; não somar volumes brutos.";H;NAO_APLICAVEL;D04-PLANTA-H
OBS-D04-H-S3-03;D04-S3;H;sob P1 junto a C;17'-24';PENDENTE;PENDENTE;PENDENTE;PENDENTE;CONFIRMADO;PENDENTE;PENDENTE;IMP-D04-GRADE;"Ocorrência gráfica, não medição final. Eixos da faixa não são eixos do elemento. Interseções com muros/vigas pendentes; não somar volumes brutos.";H;NAO_APLICAVEL;D04-PLANTA-H
OBS-D04-H-S3-04;D04-S3;H;sob P1 junto a B;17'-24';PENDENTE;PENDENTE;PENDENTE;PENDENTE;CONFIRMADO;PENDENTE;PENDENTE;IMP-D04-GRADE;"Ocorrência gráfica, não medição final. Eixos da faixa não são eixos do elemento. Interseções com muros/vigas pendentes; não somar volumes brutos.";H;NAO_APLICAVEL;D04-PLANTA-H
OBS-D04-H-S3-05;D04-S3;H;sob P1 junto a A;17'-24';PENDENTE;PENDENTE;PENDENTE;PENDENTE;CONFIRMADO;PENDENTE;PENDENTE;IMP-D04-GRADE;"Ocorrência gráfica, não medição final. Eixos da faixa não são eixos do elemento. Interseções com muros/vigas pendentes; não somar volumes brutos.";H;NAO_APLICAVEL;D04-PLANTA-H
OBS-D04-H-S4-01;D04-S4;H;P3 interior superior;17'-24';PENDENTE;PENDENTE;PENDENTE;PENDENTE;CONFIRMADO;PENDENTE;PENDENTE;IMP-D04-GRADE;"Ocorrência gráfica, não medição final. Eixos da faixa não são eixos do elemento. Interseções com muros/vigas pendentes; não somar volumes brutos.";H;NAO_APLICAVEL;D04-PLANTA-H
OBS-D04-H-S4-02;D04-S4;H;P3 interior inferior;17'-24';PENDENTE;PENDENTE;PENDENTE;PENDENTE;CONFIRMADO;PENDENTE;PENDENTE;IMP-D04-GRADE;"Ocorrência gráfica, não medição final. Eixos da faixa não são eixos do elemento. Interseções com muros/vigas pendentes; não somar volumes brutos.";H;NAO_APLICAVEL;D04-PLANTA-H
OBS-D04-H-S4-03;D04-S4;H;P3 na zona superior de acesso / E1;17'-24';PENDENTE;PENDENTE;PENDENTE;PENDENTE;CONFIRMADO;PENDENTE;PENDENTE;IMP-D04-GRADE;"Ocorrência gráfica, não medição final. Eixos da faixa não são eixos do elemento. Interseções com muros/vigas pendentes; não somar volumes brutos.";H;NAO_APLICAVEL;D04-PLANTA-H
OBS-D04-H-S6-01;D04-S6;H;sapata conjunta PM3/PM4;17'-24';PENDENTE;PENDENTE;PENDENTE;PENDENTE;CONFIRMADO;PENDENTE;PENDENTE;IMP-D04-GRADE;"Ocorrência gráfica, não medição final. Eixos da faixa não são eixos do elemento. Interseções com muros/vigas pendentes; não somar volumes brutos.";H;NAO_APLICAVEL;D04-PLANTA-H
OBS-D04-H-S5-01;D04-S5;H;sob PM1 junto a E2;17'-24';PENDENTE;PENDENTE;PENDENTE;PENDENTE;CONFIRMADO;PENDENTE;PENDENTE;IMP-D04-GRADE;"Ocorrência gráfica, não medição final. Eixos da faixa não são eixos do elemento. Interseções com muros/vigas pendentes; não somar volumes brutos.";H;NAO_APLICAVEL;D04-PLANTA-H
OBS-D04-H-S5-02;D04-S5;H;sob PM2;17'-24';PENDENTE;PENDENTE;PENDENTE;PENDENTE;CONFIRMADO;PENDENTE;PENDENTE;IMP-D04-GRADE;"Ocorrência gráfica, não medição final. Eixos da faixa não são eixos do elemento. Interseções com muros/vigas pendentes; não somar volumes brutos.";H;NAO_APLICAVEL;D04-PLANTA-H
OBS-D04-H-S5-03;D04-S5;H;sob PM5;17'-24';PENDENTE;PENDENTE;PENDENTE;PENDENTE;CONFIRMADO;PENDENTE;PENDENTE;IMP-D04-GRADE;"Ocorrência gráfica, não medição final. Eixos da faixa não são eixos do elemento. Interseções com muros/vigas pendentes; não somar volumes brutos.";H;NAO_APLICAVEL;D04-PLANTA-H
