apoio_ref_id;ocorrencia_id;fracao;designacao_apoio;eixo_numerico_ref;relacao_x;afastamento_x_m;sentido_x;eixo_alfabetico_ref;relacao_y;afastamento_y_m;sentido_y;estado_leitura;estado_implantacao_sapata;centro_sapata_confirmado;evidencia_id;observacoes
OBS-D01-A-S2-01-P2-ESQ;OBS-D01-A-S2-01;A;P2-ESQ;3;ALINHAMENTO_GRAFICO;NAO_APLICAVEL;NAO_APLICAVEL;B;DESLOCAMENTO_COTADO;0,30;ACIMA;CONFIRMADO;PENDENTE;NAO;IMP-D01-GRADE;"Alinhamento é leitura gráfica da linha do apoio. Não implica sapata centrada, tolerância de obra ou afastamento numérico zero. ESQ/DIR distingue os dois apoios na prancha; não é numeração nova do projetista."
OBS-D01-A-S2-01-P2-DIR;OBS-D01-A-S2-01;A;P2-DIR;4;ALINHAMENTO_GRAFICO;NAO_APLICAVEL;NAO_APLICAVEL;B;DESLOCAMENTO_COTADO;0,30;ACIMA;CONFIRMADO;PENDENTE;NAO;IMP-D01-GRADE;"Alinhamento é leitura gráfica da linha do apoio. Não implica sapata centrada, tolerância de obra ou afastamento numérico zero. ESQ/DIR distingue os dois apoios na prancha; não é numeração nova do projetista."
OBS-D01-A-S3-01-P7;OBS-D01-A-S3-01;A;P7;5;PROXIMIDADE;PENDENTE;PENDENTE;C;DESLOCAMENTO_COTADO;0,27;ACIMA;CONFIRMADO;PENDENTE;NAO;IMP-D01-GRADE;Alinhamento é leitura gráfica da linha do apoio. Não implica sapata centrada, tolerância de obra ou afastamento numérico zero. Afastamento horizontal do apoio P7 não confirmado.
OBS-D01-A-S3-02-P1;OBS-D01-A-S3-02;A;P1;8;ALINHAMENTO_GRAFICO;NAO_APLICAVEL;NAO_APLICAVEL;D;ALINHAMENTO_GRAFICO;NAO_APLICAVEL;NAO_APLICAVEL;CONFIRMADO;PENDENTE;NAO;IMP-D01-GRADE;Alinhamento é leitura gráfica da linha do apoio. Não implica sapata centrada, tolerância de obra ou afastamento numérico zero.
OBS-D01-A-S3-03-P1;OBS-D01-A-S3-03;A;P1;8;ALINHAMENTO_GRAFICO;NAO_APLICAVEL;NAO_APLICAVEL;C;ALINHAMENTO_GRAFICO;NAO_APLICAVEL;NAO_APLICAVEL;CONFIRMADO;PENDENTE;NAO;IMP-D01-GRADE;Alinhamento é leitura gráfica da linha do apoio. Não implica sapata centrada, tolerância de obra ou afastamento numérico zero.
OBS-D01-A-S3-04-P1;OBS-D01-A-S3-04;A;P1;8;ALINHAMENTO_GRAFICO;NAO_APLICAVEL;NAO_APLICAVEL;B;ALINHAMENTO_GRAFICO;NAO_APLICAVEL;NAO_APLICAVEL;CONFIRMADO;PENDENTE;NAO;IMP-D01-GRADE;Alinhamento é leitura gráfica da linha do apoio. Não implica sapata centrada, tolerância de obra ou afastamento numérico zero.
OBS-D01-A-S3-05-P1;OBS-D01-A-S3-05;A;P1;8;ALINHAMENTO_GRAFICO;NAO_APLICAVEL;NAO_APLICAVEL;A;ALINHAMENTO_GRAFICO;NAO_APLICAVEL;NAO_APLICAVEL;CONFIRMADO;PENDENTE;NAO;IMP-D01-GRADE;Alinhamento é leitura gráfica da linha do apoio. Não implica sapata centrada, tolerância de obra ou afastamento numérico zero.
OBS-D01-A-S4-01-P3;OBS-D01-A-S4-01;A;P3;7;ALINHAMENTO_GRAFICO;NAO_APLICAVEL;NAO_APLICAVEL;D;DESLOCAMENTO_COTADO;0,39;ABAIXO;CONFIRMADO;PENDENTE;NAO;IMP-D01-GRADE;Alinhamento é leitura gráfica da linha do apoio. Não implica sapata centrada, tolerância de obra ou afastamento numérico zero.
OBS-D01-A-S4-02-P3;OBS-D01-A-S4-02;A;P3;7;ALINHAMENTO_GRAFICO;NAO_APLICAVEL;NAO_APLICAVEL;C;DESLOCAMENTO_COTADO;0,39;ACIMA;CONFIRMADO;PENDENTE;NAO;IMP-D01-GRADE;Alinhamento é leitura gráfica da linha do apoio. Não implica sapata centrada, tolerância de obra ou afastamento numérico zero.
OBS-D01-A-S7-01-PM1;OBS-D01-A-S7-01;A;PM1;6;ALINHAMENTO_GRAFICO;NAO_APLICAVEL;NAO_APLICAVEL;F;DESLOCAMENTO_COTADO;1,25;ABAIXO;CONFIRMADO;PENDENTE;NAO;IMP-D01-GRADE;"Alinhamento é leitura gráfica da linha do apoio. Não implica sapata centrada, tolerância de obra ou afastamento numérico zero. Na sapata conjunta, a cota da linha comum localiza os dois apoios; não repartir a sapata em unidades separadas."
OBS-D01-A-S7-01-PM2;OBS-D01-A-S7-01;A;PM2;7;DESLOCAMENTO_COTADO;1,79;ESQUERDA;F;DESLOCAMENTO_COTADO;1,25;ABAIXO;CONFIRMADO;PENDENTE;NAO;IMP-D01-GRADE;"Alinhamento é leitura gráfica da linha do apoio. Não implica sapata centrada, tolerância de obra ou afastamento numérico zero. Na sapata conjunta, a cota da linha comum localiza os dois apoios; não repartir a sapata em unidades separadas."
OBS-D01-A-S5-01-PM3;OBS-D01-A-S5-01;A;PM3;7;DESLOCAMENTO_COTADO;1,79;ESQUERDA;E;DESLOCAMENTO_COTADO;0,26;ACIMA;CONFIRMADO;PENDENTE;NAO;IMP-D01-GRADE;"Alinhamento é leitura gráfica da linha do apoio. Não implica sapata centrada, tolerância de obra ou afastamento numérico zero. Na sapata conjunta, a cota da linha comum localiza os dois apoios; não repartir a sapata em unidades separadas."
OBS-D01-A-S5-02-PM4;OBS-D01-A-S5-02;A;PM4;6;ALINHAMENTO_GRAFICO;NAO_APLICAVEL;NAO_APLICAVEL;E;DESLOCAMENTO_COTADO;1,11;ABAIXO;CONFIRMADO;PENDENTE;NAO;IMP-D01-GRADE;"Alinhamento é leitura gráfica da linha do apoio. Não implica sapata centrada, tolerância de obra ou afastamento numérico zero. Na sapata conjunta, a cota da linha comum localiza os dois apoios; não repartir a sapata em unidades separadas."
OBS-D01-B-S2-01-P2-ESQ;OBS-D01-B-S2-01;B;P2-ESQ;11;ALINHAMENTO_GRAFICO;NAO_APLICAVEL;NAO_APLICAVEL;B;DESLOCAMENTO_COTADO;0,30;ACIMA;CONFIRMADO;PENDENTE;NAO;IMP-D01-GRADE;"Alinhamento é leitura gráfica da linha do apoio. Não implica sapata centrada, tolerância de obra ou afastamento numérico zero. ESQ/DIR distingue os dois apoios na prancha; não é numeração nova do projetista."
OBS-D01-B-S2-01-P2-DIR;OBS-D01-B-S2-01;B;P2-DIR;12;ALINHAMENTO_GRAFICO;NAO_APLICAVEL;NAO_APLICAVEL;B;DESLOCAMENTO_COTADO;0,30;ACIMA;CONFIRMADO;PENDENTE;NAO;IMP-D01-GRADE;"Alinhamento é leitura gráfica da linha do apoio. Não implica sapata centrada, tolerância de obra ou afastamento numérico zero. ESQ/DIR distingue os dois apoios na prancha; não é numeração nova do projetista."
OBS-D01-B-S3-01-P7;OBS-D01-B-S3-01;B;P7;13;PROXIMIDADE;PENDENTE;PENDENTE;C;DESLOCAMENTO_COTADO;0,27;ACIMA;CONFIRMADO;PENDENTE;NAO;IMP-D01-GRADE;Alinhamento é leitura gráfica da linha do apoio. Não implica sapata centrada, tolerância de obra ou afastamento numérico zero. Afastamento horizontal do apoio P7 não confirmado.
OBS-D01-B-S3-02-P1;OBS-D01-B-S3-02;B;P1;16;ALINHAMENTO_GRAFICO;NAO_APLICAVEL;NAO_APLICAVEL;D;ALINHAMENTO_GRAFICO;NAO_APLICAVEL;NAO_APLICAVEL;CONFIRMADO;PENDENTE;NAO;IMP-D01-GRADE;Alinhamento é leitura gráfica da linha do apoio. Não implica sapata centrada, tolerância de obra ou afastamento numérico zero.
OBS-D01-B-S3-03-P1;OBS-D01-B-S3-03;B;P1;16;ALINHAMENTO_GRAFICO;NAO_APLICAVEL;NAO_APLICAVEL;C;ALINHAMENTO_GRAFICO;NAO_APLICAVEL;NAO_APLICAVEL;CONFIRMADO;PENDENTE;NAO;IMP-D01-GRADE;Alinhamento é leitura gráfica da linha do apoio. Não implica sapata centrada, tolerância de obra ou afastamento numérico zero.
OBS-D01-B-S3-04-P1;OBS-D01-B-S3-04;B;P1;16;ALINHAMENTO_GRAFICO;NAO_APLICAVEL;NAO_APLICAVEL;B;ALINHAMENTO_GRAFICO;NAO_APLICAVEL;NAO_APLICAVEL;CONFIRMADO;PENDENTE;NAO;IMP-D01-GRADE;Alinhamento é leitura gráfica da linha do apoio. Não implica sapata centrada, tolerância de obra ou afastamento numérico zero.
OBS-D01-B-S3-05-P1;OBS-D01-B-S3-05;B;P1;16;ALINHAMENTO_GRAFICO;NAO_APLICAVEL;NAO_APLICAVEL;A;ALINHAMENTO_GRAFICO;NAO_APLICAVEL;NAO_APLICAVEL;CONFIRMADO;PENDENTE;NAO;IMP-D01-GRADE;Alinhamento é leitura gráfica da linha do apoio. Não implica sapata centrada, tolerância de obra ou afastamento numérico zero.
OBS-D01-B-S4-01-P3;OBS-D01-B-S4-01;B;P3;15;ALINHAMENTO_GRAFICO;NAO_APLICAVEL;NAO_APLICAVEL;D;DESLOCAMENTO_COTADO;0,39;ABAIXO;CONFIRMADO;PENDENTE;NAO;IMP-D01-GRADE;Alinhamento é leitura gráfica da linha do apoio. Não implica sapata centrada, tolerância de obra ou afastamento numérico zero.
OBS-D01-B-S4-02-P3;OBS-D01-B-S4-02;B;P3;15;ALINHAMENTO_GRAFICO;NAO_APLICAVEL;NAO_APLICAVEL;C;DESLOCAMENTO_COTADO;0,39;ACIMA;CONFIRMADO;PENDENTE;NAO;IMP-D01-GRADE;Alinhamento é leitura gráfica da linha do apoio. Não implica sapata centrada, tolerância de obra ou afastamento numérico zero.
OBS-D01-B-S7-01-PM1;OBS-D01-B-S7-01;B;PM1;14;ALINHAMENTO_GRAFICO;NAO_APLICAVEL;NAO_APLICAVEL;F;DESLOCAMENTO_COTADO;1,25;ABAIXO;CONFIRMADO;PENDENTE;NAO;IMP-D01-GRADE;"Alinhamento é leitura gráfica da linha do apoio. Não implica sapata centrada, tolerância de obra ou afastamento numérico zero. Na sapata conjunta, a cota da linha comum localiza os dois apoios; não repartir a sapata em unidades separadas."
OBS-D01-B-S7-01-PM2;OBS-D01-B-S7-01;B;PM2;15;DESLOCAMENTO_COTADO;1,79;ESQUERDA;F;DESLOCAMENTO_COTADO;1,25;ABAIXO;CONFIRMADO;PENDENTE;NAO;IMP-D01-GRADE;"Alinhamento é leitura gráfica da linha do apoio. Não implica sapata centrada, tolerância de obra ou afastamento numérico zero. Na sapata conjunta, a cota da linha comum localiza os dois apoios; não repartir a sapata em unidades separadas."
OBS-D01-B-S5-01-PM3;OBS-D01-B-S5-01;B;PM3;15;DESLOCAMENTO_COTADO;1,79;ESQUERDA;E;DESLOCAMENTO_COTADO;0,26;ACIMA;CONFIRMADO;PENDENTE;NAO;IMP-D01-GRADE;"Alinhamento é leitura gráfica da linha do apoio. Não implica sapata centrada, tolerância de obra ou afastamento numérico zero. Na sapata conjunta, a cota da linha comum localiza os dois apoios; não repartir a sapata em unidades separadas."
OBS-D01-B-S5-02-PM4;OBS-D01-B-S5-02;B;PM4;14;ALINHAMENTO_GRAFICO;NAO_APLICAVEL;NAO_APLICAVEL;E;DESLOCAMENTO_COTADO;1,11;ABAIXO;CONFIRMADO;PENDENTE;NAO;IMP-D01-GRADE;"Alinhamento é leitura gráfica da linha do apoio. Não implica sapata centrada, tolerância de obra ou afastamento numérico zero. Na sapata conjunta, a cota da linha comum localiza os dois apoios; não repartir a sapata em unidades separadas."
OBS-D01-C-S2-01-P2-ESQ;OBS-D01-C-S2-01;C;P2-ESQ;21;ALINHAMENTO_GRAFICO;NAO_APLICAVEL;NAO_APLICAVEL;B;DESLOCAMENTO_COTADO;0,30;ACIMA;CONFIRMADO;PENDENTE;NAO;IMP-D01-GRADE;"Alinhamento é leitura gráfica da linha do apoio. Não implica sapata centrada, tolerância de obra ou afastamento numérico zero. ESQ/DIR distingue os dois apoios na prancha; não é numeração nova do projetista."
OBS-D01-C-S2-01-P2-DIR;OBS-D01-C-S2-01;C;P2-DIR;22;ALINHAMENTO_GRAFICO;NAO_APLICAVEL;NAO_APLICAVEL;B;DESLOCAMENTO_COTADO;0,30;ACIMA;CONFIRMADO;PENDENTE;NAO;IMP-D01-GRADE;"Alinhamento é leitura gráfica da linha do apoio. Não implica sapata centrada, tolerância de obra ou afastamento numérico zero. ESQ/DIR distingue os dois apoios na prancha; não é numeração nova do projetista."
OBS-D01-C-S3-01-P7;OBS-D01-C-S3-01;C;P7;20;PROXIMIDADE;PENDENTE;PENDENTE;C;DESLOCAMENTO_COTADO;0,27;ACIMA;CONFIRMADO;PENDENTE;NAO;IMP-D01-GRADE;Alinhamento é leitura gráfica da linha do apoio. Não implica sapata centrada, tolerância de obra ou afastamento numérico zero. Afastamento horizontal do apoio P7 não confirmado.
OBS-D01-C-S3-02-P1;OBS-D01-C-S3-02;C;P1;17;ALINHAMENTO_GRAFICO;NAO_APLICAVEL;NAO_APLICAVEL;D;ALINHAMENTO_GRAFICO;NAO_APLICAVEL;NAO_APLICAVEL;CONFIRMADO;PENDENTE;NAO;IMP-D01-GRADE;Alinhamento é leitura gráfica da linha do apoio. Não implica sapata centrada, tolerância de obra ou afastamento numérico zero.
OBS-D01-C-S3-03-P1;OBS-D01-C-S3-03;C;P1;17;ALINHAMENTO_GRAFICO;NAO_APLICAVEL;NAO_APLICAVEL;C;ALINHAMENTO_GRAFICO;NAO_APLICAVEL;NAO_APLICAVEL;CONFIRMADO;PENDENTE;NAO;IMP-D01-GRADE;Alinhamento é leitura gráfica da linha do apoio. Não implica sapata centrada, tolerância de obra ou afastamento numérico zero.
OBS-D01-C-S3-04-P1;OBS-D01-C-S3-04;C;P1;17;ALINHAMENTO_GRAFICO;NAO_APLICAVEL;NAO_APLICAVEL;B;ALINHAMENTO_GRAFICO;NAO_APLICAVEL;NAO_APLICAVEL;CONFIRMADO;PENDENTE;NAO;IMP-D01-GRADE;Alinhamento é leitura gráfica da linha do apoio. Não implica sapata centrada, tolerância de obra ou afastamento numérico zero.
OBS-D01-C-S3-05-P1;OBS-D01-C-S3-05;C;P1;17;ALINHAMENTO_GRAFICO;NAO_APLICAVEL;NAO_APLICAVEL;A;ALINHAMENTO_GRAFICO;NAO_APLICAVEL;NAO_APLICAVEL;CONFIRMADO;PENDENTE;NAO;IMP-D01-GRADE;Alinhamento é leitura gráfica da linha do apoio. Não implica sapata centrada, tolerância de obra ou afastamento numérico zero.
OBS-D01-C-S4-01-P3;OBS-D01-C-S4-01;C;P3;18;ALINHAMENTO_GRAFICO;NAO_APLICAVEL;NAO_APLICAVEL;D;DESLOCAMENTO_COTADO;0,39;ABAIXO;CONFIRMADO;PENDENTE;NAO;IMP-D01-GRADE;Alinhamento é leitura gráfica da linha do apoio. Não implica sapata centrada, tolerância de obra ou afastamento numérico zero.
OBS-D01-C-S4-02-P3;OBS-D01-C-S4-02;C;P3;18;ALINHAMENTO_GRAFICO;NAO_APLICAVEL;NAO_APLICAVEL;C;DESLOCAMENTO_COTADO;0,39;ACIMA;CONFIRMADO;PENDENTE;NAO;IMP-D01-GRADE;Alinhamento é leitura gráfica da linha do apoio. Não implica sapata centrada, tolerância de obra ou afastamento numérico zero.
OBS-D01-C-S4-03-P3-ACESSO;OBS-D01-C-S4-03;C;P3-ACESSO;PENDENTE;PENDENTE;PENDENTE;PENDENTE;F;DESLOCAMENTO_COTADO;0,39;ABAIXO;CONFIRMADO;PENDENTE;NAO;IMP-D01-GRADE;"Alinhamento é leitura gráfica da linha do apoio. Não implica sapata centrada, tolerância de obra ou afastamento numérico zero. Eixo numérico do apoio adicional não confirmado; não alinhar pela proximidade visual."
OBS-D01-C-S7-01-PM1;OBS-D01-C-S7-01;C;PM1;19;ALINHAMENTO_GRAFICO;NAO_APLICAVEL;NAO_APLICAVEL;F;DESLOCAMENTO_COTADO;1,25;ABAIXO;CONFIRMADO;PENDENTE;NAO;IMP-D01-GRADE;"Alinhamento é leitura gráfica da linha do apoio. Não implica sapata centrada, tolerância de obra ou afastamento numérico zero. Na sapata conjunta, a cota da linha comum localiza os dois apoios; não repartir a sapata em unidades separadas."
OBS-D01-C-S7-01-PM2;OBS-D01-C-S7-01;C;PM2;18;DESLOCAMENTO_COTADO;1,79;DIREITA;F;DESLOCAMENTO_COTADO;1,25;ABAIXO;CONFIRMADO;PENDENTE;NAO;IMP-D01-GRADE;"Alinhamento é leitura gráfica da linha do apoio. Não implica sapata centrada, tolerância de obra ou afastamento numérico zero. Na sapata conjunta, a cota da linha comum localiza os dois apoios; não repartir a sapata em unidades separadas."
OBS-D01-C-S5-01-PM3;OBS-D01-C-S5-01;C;PM3;18;DESLOCAMENTO_COTADO;1,79;DIREITA;E;DESLOCAMENTO_COTADO;0,26;ACIMA;CONFIRMADO;PENDENTE;NAO;IMP-D01-GRADE;"Alinhamento é leitura gráfica da linha do apoio. Não implica sapata centrada, tolerância de obra ou afastamento numérico zero. Na sapata conjunta, a cota da linha comum localiza os dois apoios; não repartir a sapata em unidades separadas."
OBS-D01-C-S5-02-PM4;OBS-D01-C-S5-02;C;PM4;19;ALINHAMENTO_GRAFICO;NAO_APLICAVEL;NAO_APLICAVEL;E;DESLOCAMENTO_COTADO;1,11;ABAIXO;CONFIRMADO;PENDENTE;NAO;IMP-D01-GRADE;"Alinhamento é leitura gráfica da linha do apoio. Não implica sapata centrada, tolerância de obra ou afastamento numérico zero. Na sapata conjunta, a cota da linha comum localiza os dois apoios; não repartir a sapata em unidades separadas."
OBS-D02-E-S2-01-P2-ESQ;OBS-D02-E-S2-01;D;P2-ESQ;27;ALINHAMENTO_GRAFICO;NAO_APLICAVEL;NAO_APLICAVEL;B;DESLOCAMENTO_COTADO;0,30;ACIMA;CONFIRMADO;PENDENTE;NAO;IMP-D02-GRADE;"Alinhamento é leitura gráfica da linha do apoio. Não implica sapata centrada, tolerância de obra ou afastamento numérico zero. ESQ/DIR distingue os dois apoios na prancha; não é numeração nova do projetista."
OBS-D02-E-S2-01-P2-DIR;OBS-D02-E-S2-01;D;P2-DIR;28;ALINHAMENTO_GRAFICO;NAO_APLICAVEL;NAO_APLICAVEL;B;DESLOCAMENTO_COTADO;0,30;ACIMA;CONFIRMADO;PENDENTE;NAO;IMP-D02-GRADE;"Alinhamento é leitura gráfica da linha do apoio. Não implica sapata centrada, tolerância de obra ou afastamento numérico zero. ESQ/DIR distingue os dois apoios na prancha; não é numeração nova do projetista."
OBS-D02-E-S3-01-P7;OBS-D02-E-S3-01;D;P7;29;PROXIMIDADE;PENDENTE;PENDENTE;C;DESLOCAMENTO_COTADO;0,27;ACIMA;CONFIRMADO;PENDENTE;NAO;IMP-D02-GRADE;Alinhamento é leitura gráfica da linha do apoio. Não implica sapata centrada, tolerância de obra ou afastamento numérico zero. Afastamento horizontal do apoio P7 não confirmado.
OBS-D02-E-S3-02-P1;OBS-D02-E-S3-02;D;P1;32;ALINHAMENTO_GRAFICO;NAO_APLICAVEL;NAO_APLICAVEL;D;ALINHAMENTO_GRAFICO;NAO_APLICAVEL;NAO_APLICAVEL;CONFIRMADO;PENDENTE;NAO;IMP-D02-GRADE;Alinhamento é leitura gráfica da linha do apoio. Não implica sapata centrada, tolerância de obra ou afastamento numérico zero.
OBS-D02-E-S3-03-P1;OBS-D02-E-S3-03;D;P1;32;ALINHAMENTO_GRAFICO;NAO_APLICAVEL;NAO_APLICAVEL;C;ALINHAMENTO_GRAFICO;NAO_APLICAVEL;NAO_APLICAVEL;CONFIRMADO;PENDENTE;NAO;IMP-D02-GRADE;Alinhamento é leitura gráfica da linha do apoio. Não implica sapata centrada, tolerância de obra ou afastamento numérico zero.
OBS-D02-E-S3-04-P1;OBS-D02-E-S3-04;D;P1;32;ALINHAMENTO_GRAFICO;NAO_APLICAVEL;NAO_APLICAVEL;B;ALINHAMENTO_GRAFICO;NAO_APLICAVEL;NAO_APLICAVEL;CONFIRMADO;PENDENTE;NAO;IMP-D02-GRADE;Alinhamento é leitura gráfica da linha do apoio. Não implica sapata centrada, tolerância de obra ou afastamento numérico zero.
OBS-D02-E-S3-05-P1;OBS-D02-E-S3-05;D;P1;32;ALINHAMENTO_GRAFICO;NAO_APLICAVEL;NAO_APLICAVEL;A;ALINHAMENTO_GRAFICO;NAO_APLICAVEL;NAO_APLICAVEL;CONFIRMADO;PENDENTE;NAO;IMP-D02-GRADE;Alinhamento é leitura gráfica da linha do apoio. Não implica sapata centrada, tolerância de obra ou afastamento numérico zero.
OBS-D02-E-S4-01-P3;OBS-D02-E-S4-01;D;P3;31;ALINHAMENTO_GRAFICO;NAO_APLICAVEL;NAO_APLICAVEL;D;DESLOCAMENTO_COTADO;0,39;ABAIXO;CONFIRMADO;PENDENTE;NAO;IMP-D02-GRADE;Alinhamento é leitura gráfica da linha do apoio. Não implica sapata centrada, tolerância de obra ou afastamento numérico zero.
OBS-D02-E-S4-02-P3;OBS-D02-E-S4-02;D;P3;31;ALINHAMENTO_GRAFICO;NAO_APLICAVEL;NAO_APLICAVEL;C;DESLOCAMENTO_COTADO;0,39;ACIMA;CONFIRMADO;PENDENTE;NAO;IMP-D02-GRADE;Alinhamento é leitura gráfica da linha do apoio. Não implica sapata centrada, tolerância de obra ou afastamento numérico zero.
OBS-D02-E-S4-03-P3-ACESSO;OBS-D02-E-S4-03;D;P3-ACESSO;PENDENTE;PENDENTE;PENDENTE;PENDENTE;F;DESLOCAMENTO_COTADO;0,39;ABAIXO;CONFIRMADO;PENDENTE;NAO;IMP-D02-GRADE;"Alinhamento é leitura gráfica da linha do apoio. Não implica sapata centrada, tolerância de obra ou afastamento numérico zero. Eixo numérico do apoio adicional não confirmado; não alinhar pela proximidade visual."
OBS-D02-E-S7-01-PM1;OBS-D02-E-S7-01;D;PM1;30;ALINHAMENTO_GRAFICO;NAO_APLICAVEL;NAO_APLICAVEL;F;DESLOCAMENTO_COTADO;1,25;ABAIXO;CONFIRMADO;PENDENTE;NAO;IMP-D02-GRADE;"Alinhamento é leitura gráfica da linha do apoio. Não implica sapata centrada, tolerância de obra ou afastamento numérico zero. Na sapata conjunta, a cota da linha comum localiza os dois apoios; não repartir a sapata em unidades separadas."
OBS-D02-E-S7-01-PM2;OBS-D02-E-S7-01;D;PM2;31;DESLOCAMENTO_COTADO;1,79;ESQUERDA;F;DESLOCAMENTO_COTADO;1,25;ABAIXO;CONFIRMADO;PENDENTE;NAO;IMP-D02-GRADE;"Alinhamento é leitura gráfica da linha do apoio. Não implica sapata centrada, tolerância de obra ou afastamento numérico zero. Na sapata conjunta, a cota da linha comum localiza os dois apoios; não repartir a sapata em unidades separadas."
OBS-D02-E-S5-01-PM3;OBS-D02-E-S5-01;D;PM3;31;DESLOCAMENTO_COTADO;1,79;ESQUERDA;E;DESLOCAMENTO_COTADO;0,26;ACIMA;CONFIRMADO;PENDENTE;NAO;IMP-D02-GRADE;"Alinhamento é leitura gráfica da linha do apoio. Não implica sapata centrada, tolerância de obra ou afastamento numérico zero. Na sapata conjunta, a cota da linha comum localiza os dois apoios; não repartir a sapata em unidades separadas."
OBS-D02-E-S5-02-PM4;OBS-D02-E-S5-02;D;PM4;30;ALINHAMENTO_GRAFICO;NAO_APLICAVEL;NAO_APLICAVEL;E;DESLOCAMENTO_COTADO;1,11;ABAIXO;CONFIRMADO;PENDENTE;NAO;IMP-D02-GRADE;"Alinhamento é leitura gráfica da linha do apoio. Não implica sapata centrada, tolerância de obra ou afastamento numérico zero. Na sapata conjunta, a cota da linha comum localiza os dois apoios; não repartir a sapata em unidades separadas."
OBS-D02-D-S2-01-P2-ESQ;OBS-D02-D-S2-01;E;P2-ESQ;38;ALINHAMENTO_GRAFICO;NAO_APLICAVEL;NAO_APLICAVEL;B'';DESLOCAMENTO_COTADO;0,34;ACIMA;CONFIRMADO;PENDENTE;NAO;IMP-D02-GRADE;"Alinhamento é leitura gráfica da linha do apoio. Não implica sapata centrada, tolerância de obra ou afastamento numérico zero. ESQ/DIR distingue os dois apoios na prancha; não é numeração nova do projetista."
OBS-D02-D-S2-01-P2-DIR;OBS-D02-D-S2-01;E;P2-DIR;39;ALINHAMENTO_GRAFICO;NAO_APLICAVEL;NAO_APLICAVEL;B'';DESLOCAMENTO_COTADO;0,34;ACIMA;CONFIRMADO;PENDENTE;NAO;IMP-D02-GRADE;"Alinhamento é leitura gráfica da linha do apoio. Não implica sapata centrada, tolerância de obra ou afastamento numérico zero. ESQ/DIR distingue os dois apoios na prancha; não é numeração nova do projetista."
OBS-D02-D-S3-01-P7;OBS-D02-D-S3-01;E;P7;36;PROXIMIDADE;PENDENTE;PENDENTE;C'';DESLOCAMENTO_COTADO;0,27;ACIMA;CONFIRMADO;PENDENTE;NAO;IMP-D02-GRADE;Alinhamento é leitura gráfica da linha do apoio. Não implica sapata centrada, tolerância de obra ou afastamento numérico zero. Afastamento horizontal do apoio P7 não confirmado.
OBS-D02-D-S3-02-P1;OBS-D02-D-S3-02;E;P1;33;ALINHAMENTO_GRAFICO;NAO_APLICAVEL;NAO_APLICAVEL;D'';ALINHAMENTO_GRAFICO;NAO_APLICAVEL;NAO_APLICAVEL;CONFIRMADO;PENDENTE;NAO;IMP-D02-GRADE;Alinhamento é leitura gráfica da linha do apoio. Não implica sapata centrada, tolerância de obra ou afastamento numérico zero.
OBS-D02-D-S3-03-P1;OBS-D02-D-S3-03;E;P1;33;ALINHAMENTO_GRAFICO;NAO_APLICAVEL;NAO_APLICAVEL;C'';ALINHAMENTO_GRAFICO;NAO_APLICAVEL;NAO_APLICAVEL;CONFIRMADO;PENDENTE;NAO;IMP-D02-GRADE;Alinhamento é leitura gráfica da linha do apoio. Não implica sapata centrada, tolerância de obra ou afastamento numérico zero.
OBS-D02-D-S3-04-P1;OBS-D02-D-S3-04;E;P1;33;ALINHAMENTO_GRAFICO;NAO_APLICAVEL;NAO_APLICAVEL;B'';ALINHAMENTO_GRAFICO;NAO_APLICAVEL;NAO_APLICAVEL;CONFIRMADO;PENDENTE;NAO;IMP-D02-GRADE;Alinhamento é leitura gráfica da linha do apoio. Não implica sapata centrada, tolerância de obra ou afastamento numérico zero.
OBS-D02-D-S3-05-P1;OBS-D02-D-S3-05;E;P1;33;ALINHAMENTO_GRAFICO;NAO_APLICAVEL;NAO_APLICAVEL;A'';ALINHAMENTO_GRAFICO;NAO_APLICAVEL;NAO_APLICAVEL;CONFIRMADO;PENDENTE;NAO;IMP-D02-GRADE;Alinhamento é leitura gráfica da linha do apoio. Não implica sapata centrada, tolerância de obra ou afastamento numérico zero.
OBS-D02-D-S4-01-P3;OBS-D02-D-S4-01;E;P3;34;ALINHAMENTO_GRAFICO;NAO_APLICAVEL;NAO_APLICAVEL;D'';DESLOCAMENTO_COTADO;0,39;ABAIXO;CONFIRMADO;PENDENTE;NAO;IMP-D02-GRADE;Alinhamento é leitura gráfica da linha do apoio. Não implica sapata centrada, tolerância de obra ou afastamento numérico zero.
OBS-D02-D-S4-02-P3;OBS-D02-D-S4-02;E;P3;34;ALINHAMENTO_GRAFICO;NAO_APLICAVEL;NAO_APLICAVEL;C'';DESLOCAMENTO_COTADO;0,39;ACIMA;CONFIRMADO;PENDENTE;NAO;IMP-D02-GRADE;Alinhamento é leitura gráfica da linha do apoio. Não implica sapata centrada, tolerância de obra ou afastamento numérico zero.
OBS-D02-D-S7-01-PM1;OBS-D02-D-S7-01;E;PM1;35;ALINHAMENTO_GRAFICO;NAO_APLICAVEL;NAO_APLICAVEL;F'';DESLOCAMENTO_COTADO;1,25;ABAIXO;CONFIRMADO;PENDENTE;NAO;IMP-D02-GRADE;"Alinhamento é leitura gráfica da linha do apoio. Não implica sapata centrada, tolerância de obra ou afastamento numérico zero. Na sapata conjunta, a cota da linha comum localiza os dois apoios; não repartir a sapata em unidades separadas."
OBS-D02-D-S7-01-PM2;OBS-D02-D-S7-01;E;PM2;34;DESLOCAMENTO_COTADO;1,79;DIREITA;F'';DESLOCAMENTO_COTADO;1,25;ABAIXO;CONFIRMADO;PENDENTE;NAO;IMP-D02-GRADE;"Alinhamento é leitura gráfica da linha do apoio. Não implica sapata centrada, tolerância de obra ou afastamento numérico zero. Na sapata conjunta, a cota da linha comum localiza os dois apoios; não repartir a sapata em unidades separadas."
OBS-D02-D-S5-01-PM3;OBS-D02-D-S5-01;E;PM3;34;DESLOCAMENTO_COTADO;1,79;DIREITA;E'';DESLOCAMENTO_COTADO;0,26;ACIMA;CONFIRMADO;PENDENTE;NAO;IMP-D02-GRADE;"Alinhamento é leitura gráfica da linha do apoio. Não implica sapata centrada, tolerância de obra ou afastamento numérico zero. Na sapata conjunta, a cota da linha comum localiza os dois apoios; não repartir a sapata em unidades separadas."
OBS-D02-D-S5-02-PM4;OBS-D02-D-S5-02;E;PM4;35;ALINHAMENTO_GRAFICO;NAO_APLICAVEL;NAO_APLICAVEL;E'';DESLOCAMENTO_COTADO;1,11;ABAIXO;CONFIRMADO;PENDENTE;NAO;IMP-D02-GRADE;"Alinhamento é leitura gráfica da linha do apoio. Não implica sapata centrada, tolerância de obra ou afastamento numérico zero. Na sapata conjunta, a cota da linha comum localiza os dois apoios; não repartir a sapata em unidades separadas."
OBS-D03-G-S2-01-P2-ESQ;OBS-D03-G-S2-01;G;P2-ESQ;27';ALINHAMENTO_GRAFICO;NAO_APLICAVEL;NAO_APLICAVEL;B';DESLOCAMENTO_COTADO;0,22;ACIMA;CONFIRMADO;PENDENTE;NAO;IMP-D03-GRADE;"Alinhamento é leitura gráfica da linha do apoio. Não implica sapata centrada, tolerância de obra ou afastamento numérico zero. ESQ/DIR distingue os dois apoios na prancha; não é numeração nova do projetista."
OBS-D03-G-S2-01-P2-DIR;OBS-D03-G-S2-01;G;P2-DIR;28';ALINHAMENTO_GRAFICO;NAO_APLICAVEL;NAO_APLICAVEL;B';DESLOCAMENTO_COTADO;0,22;ACIMA;CONFIRMADO;PENDENTE;NAO;IMP-D03-GRADE;"Alinhamento é leitura gráfica da linha do apoio. Não implica sapata centrada, tolerância de obra ou afastamento numérico zero. ESQ/DIR distingue os dois apoios na prancha; não é numeração nova do projetista."
OBS-D03-G-S3-01-P7;OBS-D03-G-S3-01;G;P7;29';PROXIMIDADE;PENDENTE;PENDENTE;C';DESLOCAMENTO_COTADO;0,27;ACIMA;CONFIRMADO;PENDENTE;NAO;IMP-D03-GRADE;Alinhamento é leitura gráfica da linha do apoio. Não implica sapata centrada, tolerância de obra ou afastamento numérico zero. Afastamento horizontal do apoio P7 não confirmado.
OBS-D03-G-S3-02-P1;OBS-D03-G-S3-02;G;P1;32';ALINHAMENTO_GRAFICO;NAO_APLICAVEL;NAO_APLICAVEL;D';ALINHAMENTO_GRAFICO;NAO_APLICAVEL;NAO_APLICAVEL;CONFIRMADO;PENDENTE;NAO;IMP-D03-GRADE;Alinhamento é leitura gráfica da linha do apoio. Não implica sapata centrada, tolerância de obra ou afastamento numérico zero.
OBS-D03-G-S3-03-P1;OBS-D03-G-S3-03;G;P1;32';ALINHAMENTO_GRAFICO;NAO_APLICAVEL;NAO_APLICAVEL;C';ALINHAMENTO_GRAFICO;NAO_APLICAVEL;NAO_APLICAVEL;CONFIRMADO;PENDENTE;NAO;IMP-D03-GRADE;Alinhamento é leitura gráfica da linha do apoio. Não implica sapata centrada, tolerância de obra ou afastamento numérico zero.
OBS-D03-G-S3-04-P1;OBS-D03-G-S3-04;G;P1;32';ALINHAMENTO_GRAFICO;NAO_APLICAVEL;NAO_APLICAVEL;B';ALINHAMENTO_GRAFICO;NAO_APLICAVEL;NAO_APLICAVEL;CONFIRMADO;PENDENTE;NAO;IMP-D03-GRADE;Alinhamento é leitura gráfica da linha do apoio. Não implica sapata centrada, tolerância de obra ou afastamento numérico zero.
OBS-D03-G-S3-05-P1;OBS-D03-G-S3-05;G;P1;32';ALINHAMENTO_GRAFICO;NAO_APLICAVEL;NAO_APLICAVEL;A';ALINHAMENTO_GRAFICO;NAO_APLICAVEL;NAO_APLICAVEL;CONFIRMADO;PENDENTE;NAO;IMP-D03-GRADE;Alinhamento é leitura gráfica da linha do apoio. Não implica sapata centrada, tolerância de obra ou afastamento numérico zero.
OBS-D03-G-S4-01-P3;OBS-D03-G-S4-01;G;P3;31';ALINHAMENTO_GRAFICO;NAO_APLICAVEL;NAO_APLICAVEL;D';DESLOCAMENTO_COTADO;0,39;ABAIXO;CONFIRMADO;PENDENTE;NAO;IMP-D03-GRADE;Alinhamento é leitura gráfica da linha do apoio. Não implica sapata centrada, tolerância de obra ou afastamento numérico zero.
OBS-D03-G-S4-02-P3;OBS-D03-G-S4-02;G;P3;31';ALINHAMENTO_GRAFICO;NAO_APLICAVEL;NAO_APLICAVEL;C';DESLOCAMENTO_COTADO;0,39;ACIMA;CONFIRMADO;PENDENTE;NAO;IMP-D03-GRADE;Alinhamento é leitura gráfica da linha do apoio. Não implica sapata centrada, tolerância de obra ou afastamento numérico zero.
OBS-D03-G-S4-03-P3-ACESSO;OBS-D03-G-S4-03;G;P3-ACESSO;PENDENTE;PENDENTE;PENDENTE;PENDENTE;F';ALINHAMENTO_GRAFICO;NAO_APLICAVEL;NAO_APLICAVEL;CONFIRMADO;PENDENTE;NAO;IMP-D03-GRADE;"Alinhamento é leitura gráfica da linha do apoio. Não implica sapata centrada, tolerância de obra ou afastamento numérico zero. Eixo numérico do apoio adicional não confirmado; não alinhar pela proximidade visual."
OBS-D03-G-S6-01-PM3;OBS-D03-G-S6-01;G;PM3;31';DESLOCAMENTO_COTADO;1,79;ESQUERDA;F';DESLOCAMENTO_COTADO;2,32;ABAIXO;CONFIRMADO;PENDENTE;NAO;IMP-D03-GRADE;"Alinhamento é leitura gráfica da linha do apoio. Não implica sapata centrada, tolerância de obra ou afastamento numérico zero. Na sapata conjunta, a cota da linha comum localiza os dois apoios; não repartir a sapata em unidades separadas."
OBS-D03-G-S6-01-PM4;OBS-D03-G-S6-01;G;PM4;31';DESLOCAMENTO_COTADO;1,79;ESQUERDA;E';DESLOCAMENTO_COTADO;0,30;ACIMA;CONFIRMADO;PENDENTE;NAO;IMP-D03-GRADE;"Alinhamento é leitura gráfica da linha do apoio. Não implica sapata centrada, tolerância de obra ou afastamento numérico zero. Na sapata conjunta, a cota da linha comum localiza os dois apoios; não repartir a sapata em unidades separadas."
OBS-D03-G-S5-01-PM1;OBS-D03-G-S5-01;G;PM1;30';ALINHAMENTO_GRAFICO;NAO_APLICAVEL;NAO_APLICAVEL;E';DESLOCAMENTO_COTADO;0,81;ABAIXO;CONFIRMADO;PENDENTE;NAO;IMP-D03-GRADE;"Alinhamento é leitura gráfica da linha do apoio. Não implica sapata centrada, tolerância de obra ou afastamento numérico zero. Na sapata conjunta, a cota da linha comum localiza os dois apoios; não repartir a sapata em unidades separadas."
OBS-D03-G-PENDENTE-01-PM2;OBS-D03-G-PENDENTE-01;G;PM2;30';ALINHAMENTO_GRAFICO;NAO_APLICAVEL;NAO_APLICAVEL;F';DESLOCAMENTO_COTADO;2,32;ABAIXO;CONFIRMADO;PENDENTE;NAO;IMP-D03-GRADE;"Alinhamento é leitura gráfica da linha do apoio. Não implica sapata centrada, tolerância de obra ou afastamento numérico zero. Na sapata conjunta, a cota da linha comum localiza os dois apoios; não repartir a sapata em unidades separadas."
OBS-D03-G-PENDENTE-02-PM5;OBS-D03-G-PENDENTE-02;G;PM5;32';ALINHAMENTO_GRAFICO;NAO_APLICAVEL;NAO_APLICAVEL;E';DESLOCAMENTO_COTADO;0,30;ACIMA;CONFIRMADO;PENDENTE;NAO;IMP-D03-GRADE;"Alinhamento é leitura gráfica da linha do apoio. Não implica sapata centrada, tolerância de obra ou afastamento numérico zero. Na sapata conjunta, a cota da linha comum localiza os dois apoios; não repartir a sapata em unidades separadas."
OBS-D03-F-S2-01-P2-ESQ;OBS-D03-F-S2-01;F;P2-ESQ;38';ALINHAMENTO_GRAFICO;NAO_APLICAVEL;NAO_APLICAVEL;B';DESLOCAMENTO_COTADO;0,22;ACIMA;CONFIRMADO;PENDENTE;NAO;IMP-D03-GRADE;"Alinhamento é leitura gráfica da linha do apoio. Não implica sapata centrada, tolerância de obra ou afastamento numérico zero. ESQ/DIR distingue os dois apoios na prancha; não é numeração nova do projetista."
OBS-D03-F-S2-01-P2-DIR;OBS-D03-F-S2-01;F;P2-DIR;39';ALINHAMENTO_GRAFICO;NAO_APLICAVEL;NAO_APLICAVEL;B';DESLOCAMENTO_COTADO;0,22;ACIMA;CONFIRMADO;PENDENTE;NAO;IMP-D03-GRADE;"Alinhamento é leitura gráfica da linha do apoio. Não implica sapata centrada, tolerância de obra ou afastamento numérico zero. ESQ/DIR distingue os dois apoios na prancha; não é numeração nova do projetista."
OBS-D03-F-S3-01-P7;OBS-D03-F-S3-01;F;P7;36';PROXIMIDADE;PENDENTE;PENDENTE;C';DESLOCAMENTO_COTADO;0,27;ACIMA;CONFIRMADO;PENDENTE;NAO;IMP-D03-GRADE;Alinhamento é leitura gráfica da linha do apoio. Não implica sapata centrada, tolerância de obra ou afastamento numérico zero. Afastamento horizontal do apoio P7 não confirmado.
OBS-D03-F-S3-02-P1;OBS-D03-F-S3-02;F;P1;33';ALINHAMENTO_GRAFICO;NAO_APLICAVEL;NAO_APLICAVEL;D';ALINHAMENTO_GRAFICO;NAO_APLICAVEL;NAO_APLICAVEL;CONFIRMADO;PENDENTE;NAO;IMP-D03-GRADE;Alinhamento é leitura gráfica da linha do apoio. Não implica sapata centrada, tolerância de obra ou afastamento numérico zero.
OBS-D03-F-S3-03-P1;OBS-D03-F-S3-03;F;P1;33';ALINHAMENTO_GRAFICO;NAO_APLICAVEL;NAO_APLICAVEL;C';ALINHAMENTO_GRAFICO;NAO_APLICAVEL;NAO_APLICAVEL;CONFIRMADO;PENDENTE;NAO;IMP-D03-GRADE;Alinhamento é leitura gráfica da linha do apoio. Não implica sapata centrada, tolerância de obra ou afastamento numérico zero.
OBS-D03-F-S3-04-P1;OBS-D03-F-S3-04;F;P1;33';ALINHAMENTO_GRAFICO;NAO_APLICAVEL;NAO_APLICAVEL;B';ALINHAMENTO_GRAFICO;NAO_APLICAVEL;NAO_APLICAVEL;CONFIRMADO;PENDENTE;NAO;IMP-D03-GRADE;Alinhamento é leitura gráfica da linha do apoio. Não implica sapata centrada, tolerância de obra ou afastamento numérico zero.
OBS-D03-F-S3-05-P1;OBS-D03-F-S3-05;F;P1;33';ALINHAMENTO_GRAFICO;NAO_APLICAVEL;NAO_APLICAVEL;A';ALINHAMENTO_GRAFICO;NAO_APLICAVEL;NAO_APLICAVEL;CONFIRMADO;PENDENTE;NAO;IMP-D03-GRADE;Alinhamento é leitura gráfica da linha do apoio. Não implica sapata centrada, tolerância de obra ou afastamento numérico zero.
OBS-D03-F-S4-01-P3;OBS-D03-F-S4-01;F;P3;34';ALINHAMENTO_GRAFICO;NAO_APLICAVEL;NAO_APLICAVEL;D';DESLOCAMENTO_COTADO;0,39;ABAIXO;CONFIRMADO;PENDENTE;NAO;IMP-D03-GRADE;Alinhamento é leitura gráfica da linha do apoio. Não implica sapata centrada, tolerância de obra ou afastamento numérico zero.
OBS-D03-F-S4-02-P3;OBS-D03-F-S4-02;F;P3;34';ALINHAMENTO_GRAFICO;NAO_APLICAVEL;NAO_APLICAVEL;C';DESLOCAMENTO_COTADO;0,39;ACIMA;CONFIRMADO;PENDENTE;NAO;IMP-D03-GRADE;Alinhamento é leitura gráfica da linha do apoio. Não implica sapata centrada, tolerância de obra ou afastamento numérico zero.
OBS-D03-F-S6-01-PM3;OBS-D03-F-S6-01;F;PM3;34';DESLOCAMENTO_COTADO;1,79;DIREITA;F';DESLOCAMENTO_COTADO;2,32;ABAIXO;CONFIRMADO;PENDENTE;NAO;IMP-D03-GRADE;"Alinhamento é leitura gráfica da linha do apoio. Não implica sapata centrada, tolerância de obra ou afastamento numérico zero. Na sapata conjunta, a cota da linha comum localiza os dois apoios; não repartir a sapata em unidades separadas."
OBS-D03-F-S6-01-PM4;OBS-D03-F-S6-01;F;PM4;34';DESLOCAMENTO_COTADO;1,79;DIREITA;E';DESLOCAMENTO_COTADO;0,30;ACIMA;CONFIRMADO;PENDENTE;NAO;IMP-D03-GRADE;"Alinhamento é leitura gráfica da linha do apoio. Não implica sapata centrada, tolerância de obra ou afastamento numérico zero. Na sapata conjunta, a cota da linha comum localiza os dois apoios; não repartir a sapata em unidades separadas."
OBS-D03-F-S5-01-PM1;OBS-D03-F-S5-01;F;PM1;35';ALINHAMENTO_GRAFICO;NAO_APLICAVEL;NAO_APLICAVEL;E';DESLOCAMENTO_COTADO;0,81;ABAIXO;CONFIRMADO;PENDENTE;NAO;IMP-D03-GRADE;"Alinhamento é leitura gráfica da linha do apoio. Não implica sapata centrada, tolerância de obra ou afastamento numérico zero. Na sapata conjunta, a cota da linha comum localiza os dois apoios; não repartir a sapata em unidades separadas."
OBS-D03-F-PENDENTE-01-PM2;OBS-D03-F-PENDENTE-01;F;PM2;35';ALINHAMENTO_GRAFICO;NAO_APLICAVEL;NAO_APLICAVEL;F';DESLOCAMENTO_COTADO;2,32;ABAIXO;CONFIRMADO;PENDENTE;NAO;IMP-D03-GRADE;"Alinhamento é leitura gráfica da linha do apoio. Não implica sapata centrada, tolerância de obra ou afastamento numérico zero. Na sapata conjunta, a cota da linha comum localiza os dois apoios; não repartir a sapata em unidades separadas."
OBS-D03-F-PENDENTE-02-PM5;OBS-D03-F-PENDENTE-02;F;PM5;33';ALINHAMENTO_GRAFICO;NAO_APLICAVEL;NAO_APLICAVEL;E';DESLOCAMENTO_COTADO;0,30;ACIMA;CONFIRMADO;PENDENTE;NAO;IMP-D03-GRADE;"Alinhamento é leitura gráfica da linha do apoio. Não implica sapata centrada, tolerância de obra ou afastamento numérico zero. Na sapata conjunta, a cota da linha comum localiza os dois apoios; não repartir a sapata em unidades separadas."
OBS-D04-J-S2-01-P2-ESQ;OBS-D04-J-S2-01;J;P2-ESQ;3';ALINHAMENTO_GRAFICO;NAO_APLICAVEL;NAO_APLICAVEL;B';DESLOCAMENTO_COTADO;0,22;ACIMA;CONFIRMADO;PENDENTE;NAO;IMP-D04-GRADE;"Alinhamento é leitura gráfica da linha do apoio. Não implica sapata centrada, tolerância de obra ou afastamento numérico zero. ESQ/DIR distingue os dois apoios na prancha; não é numeração nova do projetista."
OBS-D04-J-S2-01-P2-DIR;OBS-D04-J-S2-01;J;P2-DIR;4';ALINHAMENTO_GRAFICO;NAO_APLICAVEL;NAO_APLICAVEL;B';DESLOCAMENTO_COTADO;0,22;ACIMA;CONFIRMADO;PENDENTE;NAO;IMP-D04-GRADE;"Alinhamento é leitura gráfica da linha do apoio. Não implica sapata centrada, tolerância de obra ou afastamento numérico zero. ESQ/DIR distingue os dois apoios na prancha; não é numeração nova do projetista."
OBS-D04-J-S3-01-P7;OBS-D04-J-S3-01;J;P7;5';PROXIMIDADE;PENDENTE;PENDENTE;C';DESLOCAMENTO_COTADO;0,27;ACIMA;CONFIRMADO;PENDENTE;NAO;IMP-D04-GRADE;Alinhamento é leitura gráfica da linha do apoio. Não implica sapata centrada, tolerância de obra ou afastamento numérico zero. Afastamento horizontal do apoio P7 não confirmado.
OBS-D04-J-S3-02-P1;OBS-D04-J-S3-02;J;P1;8';ALINHAMENTO_GRAFICO;NAO_APLICAVEL;NAO_APLICAVEL;D';ALINHAMENTO_GRAFICO;NAO_APLICAVEL;NAO_APLICAVEL;CONFIRMADO;PENDENTE;NAO;IMP-D04-GRADE;Alinhamento é leitura gráfica da linha do apoio. Não implica sapata centrada, tolerância de obra ou afastamento numérico zero.
OBS-D04-J-S3-03-P1;OBS-D04-J-S3-03;J;P1;8';ALINHAMENTO_GRAFICO;NAO_APLICAVEL;NAO_APLICAVEL;C';ALINHAMENTO_GRAFICO;NAO_APLICAVEL;NAO_APLICAVEL;CONFIRMADO;PENDENTE;NAO;IMP-D04-GRADE;Alinhamento é leitura gráfica da linha do apoio. Não implica sapata centrada, tolerância de obra ou afastamento numérico zero.
OBS-D04-J-S3-04-P1;OBS-D04-J-S3-04;J;P1;8';ALINHAMENTO_GRAFICO;NAO_APLICAVEL;NAO_APLICAVEL;B';ALINHAMENTO_GRAFICO;NAO_APLICAVEL;NAO_APLICAVEL;CONFIRMADO;PENDENTE;NAO;IMP-D04-GRADE;Alinhamento é leitura gráfica da linha do apoio. Não implica sapata centrada, tolerância de obra ou afastamento numérico zero.
OBS-D04-J-S3-05-P1;OBS-D04-J-S3-05;J;P1;8';ALINHAMENTO_GRAFICO;NAO_APLICAVEL;NAO_APLICAVEL;A';ALINHAMENTO_GRAFICO;NAO_APLICAVEL;NAO_APLICAVEL;CONFIRMADO;PENDENTE;NAO;IMP-D04-GRADE;Alinhamento é leitura gráfica da linha do apoio. Não implica sapata centrada, tolerância de obra ou afastamento numérico zero.
OBS-D04-J-S4-01-P3;OBS-D04-J-S4-01;J;P3;7';ALINHAMENTO_GRAFICO;NAO_APLICAVEL;NAO_APLICAVEL;D';DESLOCAMENTO_COTADO;0,39;ABAIXO;CONFIRMADO;PENDENTE;NAO;IMP-D04-GRADE;Alinhamento é leitura gráfica da linha do apoio. Não implica sapata centrada, tolerância de obra ou afastamento numérico zero.
OBS-D04-J-S4-02-P3;OBS-D04-J-S4-02;J;P3;7';ALINHAMENTO_GRAFICO;NAO_APLICAVEL;NAO_APLICAVEL;C';DESLOCAMENTO_COTADO;0,39;ACIMA;CONFIRMADO;PENDENTE;NAO;IMP-D04-GRADE;Alinhamento é leitura gráfica da linha do apoio. Não implica sapata centrada, tolerância de obra ou afastamento numérico zero.
OBS-D04-J-S6-01-PM3;OBS-D04-J-S6-01;J;PM3;7';DESLOCAMENTO_COTADO;1,79;ESQUERDA;F';DESLOCAMENTO_COTADO;2,32;ABAIXO;CONFIRMADO;PENDENTE;NAO;IMP-D04-GRADE;"Alinhamento é leitura gráfica da linha do apoio. Não implica sapata centrada, tolerância de obra ou afastamento numérico zero. Na sapata conjunta, a cota da linha comum localiza os dois apoios; não repartir a sapata em unidades separadas."
OBS-D04-J-S6-01-PM4;OBS-D04-J-S6-01;J;PM4;7';DESLOCAMENTO_COTADO;1,79;ESQUERDA;E';DESLOCAMENTO_COTADO;0,30;ACIMA;CONFIRMADO;PENDENTE;NAO;IMP-D04-GRADE;"Alinhamento é leitura gráfica da linha do apoio. Não implica sapata centrada, tolerância de obra ou afastamento numérico zero. Na sapata conjunta, a cota da linha comum localiza os dois apoios; não repartir a sapata em unidades separadas."
OBS-D04-J-S5-01-PM1;OBS-D04-J-S5-01;J;PM1;6';ALINHAMENTO_GRAFICO;NAO_APLICAVEL;NAO_APLICAVEL;E';DESLOCAMENTO_COTADO;0,81;ABAIXO;CONFIRMADO;PENDENTE;NAO;IMP-D04-GRADE;"Alinhamento é leitura gráfica da linha do apoio. Não implica sapata centrada, tolerância de obra ou afastamento numérico zero. Na sapata conjunta, a cota da linha comum localiza os dois apoios; não repartir a sapata em unidades separadas."
OBS-D04-J-S5-02-PM2;OBS-D04-J-S5-02;J;PM2;6';ALINHAMENTO_GRAFICO;NAO_APLICAVEL;NAO_APLICAVEL;F';DESLOCAMENTO_COTADO;2,32;ABAIXO;CONFIRMADO;PENDENTE;NAO;IMP-D04-GRADE;"Alinhamento é leitura gráfica da linha do apoio. Não implica sapata centrada, tolerância de obra ou afastamento numérico zero. Na sapata conjunta, a cota da linha comum localiza os dois apoios; não repartir a sapata em unidades separadas."
OBS-D04-J-S5-03-PM5;OBS-D04-J-S5-03;J;PM5;8';ALINHAMENTO_GRAFICO;NAO_APLICAVEL;NAO_APLICAVEL;E';DESLOCAMENTO_COTADO;0,30;ACIMA;CONFIRMADO;PENDENTE;NAO;IMP-D04-GRADE;"Alinhamento é leitura gráfica da linha do apoio. Não implica sapata centrada, tolerância de obra ou afastamento numérico zero. Na sapata conjunta, a cota da linha comum localiza os dois apoios; não repartir a sapata em unidades separadas."
OBS-D04-I-S2-01-P2-ESQ;OBS-D04-I-S2-01;I;P2-ESQ;11';ALINHAMENTO_GRAFICO;NAO_APLICAVEL;NAO_APLICAVEL;B';DESLOCAMENTO_COTADO;0,22;ACIMA;CONFIRMADO;PENDENTE;NAO;IMP-D04-GRADE;"Alinhamento é leitura gráfica da linha do apoio. Não implica sapata centrada, tolerância de obra ou afastamento numérico zero. ESQ/DIR distingue os dois apoios na prancha; não é numeração nova do projetista."
OBS-D04-I-S2-01-P2-DIR;OBS-D04-I-S2-01;I;P2-DIR;12';ALINHAMENTO_GRAFICO;NAO_APLICAVEL;NAO_APLICAVEL;B';DESLOCAMENTO_COTADO;0,22;ACIMA;CONFIRMADO;PENDENTE;NAO;IMP-D04-GRADE;"Alinhamento é leitura gráfica da linha do apoio. Não implica sapata centrada, tolerância de obra ou afastamento numérico zero. ESQ/DIR distingue os dois apoios na prancha; não é numeração nova do projetista."
OBS-D04-I-S3-01-P7;OBS-D04-I-S3-01;I;P7;13';PROXIMIDADE;PENDENTE;PENDENTE;C';DESLOCAMENTO_COTADO;0,27;ACIMA;CONFIRMADO;PENDENTE;NAO;IMP-D04-GRADE;Alinhamento é leitura gráfica da linha do apoio. Não implica sapata centrada, tolerância de obra ou afastamento numérico zero. Afastamento horizontal do apoio P7 não confirmado.
OBS-D04-I-S3-02-P1;OBS-D04-I-S3-02;I;P1;16';ALINHAMENTO_GRAFICO;NAO_APLICAVEL;NAO_APLICAVEL;D';ALINHAMENTO_GRAFICO;NAO_APLICAVEL;NAO_APLICAVEL;CONFIRMADO;PENDENTE;NAO;IMP-D04-GRADE;Alinhamento é leitura gráfica da linha do apoio. Não implica sapata centrada, tolerância de obra ou afastamento numérico zero.
OBS-D04-I-S3-03-P1;OBS-D04-I-S3-03;I;P1;16';ALINHAMENTO_GRAFICO;NAO_APLICAVEL;NAO_APLICAVEL;C';ALINHAMENTO_GRAFICO;NAO_APLICAVEL;NAO_APLICAVEL;CONFIRMADO;PENDENTE;NAO;IMP-D04-GRADE;Alinhamento é leitura gráfica da linha do apoio. Não implica sapata centrada, tolerância de obra ou afastamento numérico zero.
OBS-D04-I-S3-04-P1;OBS-D04-I-S3-04;I;P1;16';ALINHAMENTO_GRAFICO;NAO_APLICAVEL;NAO_APLICAVEL;B';ALINHAMENTO_GRAFICO;NAO_APLICAVEL;NAO_APLICAVEL;CONFIRMADO;PENDENTE;NAO;IMP-D04-GRADE;Alinhamento é leitura gráfica da linha do apoio. Não implica sapata centrada, tolerância de obra ou afastamento numérico zero.
OBS-D04-I-S3-05-P1;OBS-D04-I-S3-05;I;P1;16';ALINHAMENTO_GRAFICO;NAO_APLICAVEL;NAO_APLICAVEL;A';ALINHAMENTO_GRAFICO;NAO_APLICAVEL;NAO_APLICAVEL;CONFIRMADO;PENDENTE;NAO;IMP-D04-GRADE;Alinhamento é leitura gráfica da linha do apoio. Não implica sapata centrada, tolerância de obra ou afastamento numérico zero.
OBS-D04-I-S4-01-P3;OBS-D04-I-S4-01;I;P3;15';ALINHAMENTO_GRAFICO;NAO_APLICAVEL;NAO_APLICAVEL;D';DESLOCAMENTO_COTADO;0,39;ABAIXO;CONFIRMADO;PENDENTE;NAO;IMP-D04-GRADE;Alinhamento é leitura gráfica da linha do apoio. Não implica sapata centrada, tolerância de obra ou afastamento numérico zero.
OBS-D04-I-S4-02-P3;OBS-D04-I-S4-02;I;P3;15';ALINHAMENTO_GRAFICO;NAO_APLICAVEL;NAO_APLICAVEL;C';DESLOCAMENTO_COTADO;0,39;ACIMA;CONFIRMADO;PENDENTE;NAO;IMP-D04-GRADE;Alinhamento é leitura gráfica da linha do apoio. Não implica sapata centrada, tolerância de obra ou afastamento numérico zero.
OBS-D04-I-S4-03-P3-ACESSO;OBS-D04-I-S4-03;I;P3-ACESSO;PENDENTE;PENDENTE;PENDENTE;PENDENTE;F';ALINHAMENTO_GRAFICO;NAO_APLICAVEL;NAO_APLICAVEL;CONFIRMADO;PENDENTE;NAO;IMP-D04-GRADE;"Alinhamento é leitura gráfica da linha do apoio. Não implica sapata centrada, tolerância de obra ou afastamento numérico zero. Eixo numérico do apoio adicional não confirmado; não alinhar pela proximidade visual."
OBS-D04-I-S6-01-PM3;OBS-D04-I-S6-01;I;PM3;15';DESLOCAMENTO_COTADO;1,79;ESQUERDA;F';DESLOCAMENTO_COTADO;2,32;ABAIXO;CONFIRMADO;PENDENTE;NAO;IMP-D04-GRADE;"Alinhamento é leitura gráfica da linha do apoio. Não implica sapata centrada, tolerância de obra ou afastamento numérico zero. Na sapata conjunta, a cota da linha comum localiza os dois apoios; não repartir a sapata em unidades separadas."
OBS-D04-I-S6-01-PM4;OBS-D04-I-S6-01;I;PM4;15';DESLOCAMENTO_COTADO;1,79;ESQUERDA;E';DESLOCAMENTO_COTADO;0,30;ACIMA;CONFIRMADO;PENDENTE;NAO;IMP-D04-GRADE;"Alinhamento é leitura gráfica da linha do apoio. Não implica sapata centrada, tolerância de obra ou afastamento numérico zero. Na sapata conjunta, a cota da linha comum localiza os dois apoios; não repartir a sapata em unidades separadas."
OBS-D04-I-S5-01-PM1;OBS-D04-I-S5-01;I;PM1;14';ALINHAMENTO_GRAFICO;NAO_APLICAVEL;NAO_APLICAVEL;E';DESLOCAMENTO_COTADO;0,81;ABAIXO;CONFIRMADO;PENDENTE;NAO;IMP-D04-GRADE;"Alinhamento é leitura gráfica da linha do apoio. Não implica sapata centrada, tolerância de obra ou afastamento numérico zero. Na sapata conjunta, a cota da linha comum localiza os dois apoios; não repartir a sapata em unidades separadas."
OBS-D04-I-S5-02-PM2;OBS-D04-I-S5-02;I;PM2;14';ALINHAMENTO_GRAFICO;NAO_APLICAVEL;NAO_APLICAVEL;F';DESLOCAMENTO_COTADO;2,32;ABAIXO;CONFIRMADO;PENDENTE;NAO;IMP-D04-GRADE;"Alinhamento é leitura gráfica da linha do apoio. Não implica sapata centrada, tolerância de obra ou afastamento numérico zero. Na sapata conjunta, a cota da linha comum localiza os dois apoios; não repartir a sapata em unidades separadas."
OBS-D04-I-S5-03-PM5;OBS-D04-I-S5-03;I;PM5;16';ALINHAMENTO_GRAFICO;NAO_APLICAVEL;NAO_APLICAVEL;E';DESLOCAMENTO_COTADO;0,30;ACIMA;CONFIRMADO;PENDENTE;NAO;IMP-D04-GRADE;"Alinhamento é leitura gráfica da linha do apoio. Não implica sapata centrada, tolerância de obra ou afastamento numérico zero. Na sapata conjunta, a cota da linha comum localiza os dois apoios; não repartir a sapata em unidades separadas."
OBS-D04-H-S2-01-P2-ESQ;OBS-D04-H-S2-01;H;P2-ESQ;19';ALINHAMENTO_GRAFICO;NAO_APLICAVEL;NAO_APLICAVEL;B';DESLOCAMENTO_COTADO;0,22;ACIMA;CONFIRMADO;PENDENTE;NAO;IMP-D04-GRADE;"Alinhamento é leitura gráfica da linha do apoio. Não implica sapata centrada, tolerância de obra ou afastamento numérico zero. ESQ/DIR distingue os dois apoios na prancha; não é numeração nova do projetista."
OBS-D04-H-S2-01-P2-DIR;OBS-D04-H-S2-01;H;P2-DIR;20';ALINHAMENTO_GRAFICO;NAO_APLICAVEL;NAO_APLICAVEL;B';DESLOCAMENTO_COTADO;0,22;ACIMA;CONFIRMADO;PENDENTE;NAO;IMP-D04-GRADE;"Alinhamento é leitura gráfica da linha do apoio. Não implica sapata centrada, tolerância de obra ou afastamento numérico zero. ESQ/DIR distingue os dois apoios na prancha; não é numeração nova do projetista."
OBS-D04-H-S3-01-P7;OBS-D04-H-S3-01;H;P7;21';PROXIMIDADE;PENDENTE;PENDENTE;C';DESLOCAMENTO_COTADO;0,27;ACIMA;CONFIRMADO;PENDENTE;NAO;IMP-D04-GRADE;Alinhamento é leitura gráfica da linha do apoio. Não implica sapata centrada, tolerância de obra ou afastamento numérico zero. Afastamento horizontal do apoio P7 não confirmado.
OBS-D04-H-S3-02-P1;OBS-D04-H-S3-02;H;P1;24';ALINHAMENTO_GRAFICO;NAO_APLICAVEL;NAO_APLICAVEL;D';ALINHAMENTO_GRAFICO;NAO_APLICAVEL;NAO_APLICAVEL;CONFIRMADO;PENDENTE;NAO;IMP-D04-GRADE;Alinhamento é leitura gráfica da linha do apoio. Não implica sapata centrada, tolerância de obra ou afastamento numérico zero.
OBS-D04-H-S3-03-P1;OBS-D04-H-S3-03;H;P1;24';ALINHAMENTO_GRAFICO;NAO_APLICAVEL;NAO_APLICAVEL;C';ALINHAMENTO_GRAFICO;NAO_APLICAVEL;NAO_APLICAVEL;CONFIRMADO;PENDENTE;NAO;IMP-D04-GRADE;Alinhamento é leitura gráfica da linha do apoio. Não implica sapata centrada, tolerância de obra ou afastamento numérico zero.
OBS-D04-H-S3-04-P1;OBS-D04-H-S3-04;H;P1;24';ALINHAMENTO_GRAFICO;NAO_APLICAVEL;NAO_APLICAVEL;B';ALINHAMENTO_GRAFICO;NAO_APLICAVEL;NAO_APLICAVEL;CONFIRMADO;PENDENTE;NAO;IMP-D04-GRADE;Alinhamento é leitura gráfica da linha do apoio. Não implica sapata centrada, tolerância de obra ou afastamento numérico zero.
OBS-D04-H-S3-05-P1;OBS-D04-H-S3-05;H;P1;24';ALINHAMENTO_GRAFICO;NAO_APLICAVEL;NAO_APLICAVEL;A';ALINHAMENTO_GRAFICO;NAO_APLICAVEL;NAO_APLICAVEL;CONFIRMADO;PENDENTE;NAO;IMP-D04-GRADE;Alinhamento é leitura gráfica da linha do apoio. Não implica sapata centrada, tolerância de obra ou afastamento numérico zero.
OBS-D04-H-S4-01-P3;OBS-D04-H-S4-01;H;P3;23';ALINHAMENTO_GRAFICO;NAO_APLICAVEL;NAO_APLICAVEL;D';DESLOCAMENTO_COTADO;0,39;ABAIXO;CONFIRMADO;PENDENTE;NAO;IMP-D04-GRADE;Alinhamento é leitura gráfica da linha do apoio. Não implica sapata centrada, tolerância de obra ou afastamento numérico zero.
OBS-D04-H-S4-02-P3;OBS-D04-H-S4-02;H;P3;23';ALINHAMENTO_GRAFICO;NAO_APLICAVEL;NAO_APLICAVEL;C';DESLOCAMENTO_COTADO;0,39;ACIMA;CONFIRMADO;PENDENTE;NAO;IMP-D04-GRADE;Alinhamento é leitura gráfica da linha do apoio. Não implica sapata centrada, tolerância de obra ou afastamento numérico zero.
OBS-D04-H-S4-03-P3-ACESSO;OBS-D04-H-S4-03;H;P3-ACESSO;PENDENTE;PENDENTE;PENDENTE;PENDENTE;F';ALINHAMENTO_GRAFICO;NAO_APLICAVEL;NAO_APLICAVEL;CONFIRMADO;PENDENTE;NAO;IMP-D04-GRADE;"Alinhamento é leitura gráfica da linha do apoio. Não implica sapata centrada, tolerância de obra ou afastamento numérico zero. Eixo numérico do apoio adicional não confirmado; não alinhar pela proximidade visual."
OBS-D04-H-S6-01-PM3;OBS-D04-H-S6-01;H;PM3;23';DESLOCAMENTO_COTADO;1,79;ESQUERDA;F';DESLOCAMENTO_COTADO;2,32;ABAIXO;CONFIRMADO;PENDENTE;NAO;IMP-D04-GRADE;"Alinhamento é leitura gráfica da linha do apoio. Não implica sapata centrada, tolerância de obra ou afastamento numérico zero. Na sapata conjunta, a cota da linha comum localiza os dois apoios; não repartir a sapata em unidades separadas."
OBS-D04-H-S6-01-PM4;OBS-D04-H-S6-01;H;PM4;23';DESLOCAMENTO_COTADO;1,79;ESQUERDA;E';DESLOCAMENTO_COTADO;0,30;ACIMA;CONFIRMADO;PENDENTE;NAO;IMP-D04-GRADE;"Alinhamento é leitura gráfica da linha do apoio. Não implica sapata centrada, tolerância de obra ou afastamento numérico zero. Na sapata conjunta, a cota da linha comum localiza os dois apoios; não repartir a sapata em unidades separadas."
OBS-D04-H-S5-01-PM1;OBS-D04-H-S5-01;H;PM1;22';ALINHAMENTO_GRAFICO;NAO_APLICAVEL;NAO_APLICAVEL;E';DESLOCAMENTO_COTADO;0,81;ABAIXO;CONFIRMADO;PENDENTE;NAO;IMP-D04-GRADE;"Alinhamento é leitura gráfica da linha do apoio. Não implica sapata centrada, tolerância de obra ou afastamento numérico zero. Na sapata conjunta, a cota da linha comum localiza os dois apoios; não repartir a sapata em unidades separadas."
OBS-D04-H-S5-02-PM2;OBS-D04-H-S5-02;H;PM2;22';ALINHAMENTO_GRAFICO;NAO_APLICAVEL;NAO_APLICAVEL;F';DESLOCAMENTO_COTADO;2,32;ABAIXO;CONFIRMADO;PENDENTE;NAO;IMP-D04-GRADE;"Alinhamento é leitura gráfica da linha do apoio. Não implica sapata centrada, tolerância de obra ou afastamento numérico zero. Na sapata conjunta, a cota da linha comum localiza os dois apoios; não repartir a sapata em unidades separadas."
OBS-D04-H-S5-03-PM5;OBS-D04-H-S5-03;H;PM5;24';ALINHAMENTO_GRAFICO;NAO_APLICAVEL;NAO_APLICAVEL;E';DESLOCAMENTO_COTADO;0,30;ACIMA;CONFIRMADO;PENDENTE;NAO;IMP-D04-GRADE;"Alinhamento é leitura gráfica da linha do apoio. Não implica sapata centrada, tolerância de obra ou afastamento numérico zero. Na sapata conjunta, a cota da linha comum localiza os dois apoios; não repartir a sapata em unidades separadas."
