retificacao_id;arquivo_original;registro_id;campo;valor_anterior;valor_corrigido;motivo;evidencia_id;estado
RET-FRACAO-OBS-D02-E-S1-01;base_tecnica/estabilidade_20260928/ocorrencias_fundacoes.csv;OBS-D02-E-S1-01;fracao;E;D;Inversão D/E no cadastro anterior, confirmada por cartuchos e eixos dos desenhos 13/15.;IMP-FRACAO-D;CONFIRMADO
RET-FRACAO-OBS-D02-E-S2-01;base_tecnica/estabilidade_20260928/ocorrencias_fundacoes.csv;OBS-D02-E-S2-01;fracao;E;D;Inversão D/E no cadastro anterior, confirmada por cartuchos e eixos dos desenhos 13/15.;IMP-FRACAO-D;CONFIRMADO
RET-FRACAO-OBS-D02-E-S3-01;base_tecnica/estabilidade_20260928/ocorrencias_fundacoes.csv;OBS-D02-E-S3-01;fracao;E;D;Inversão D/E no cadastro anterior, confirmada por cartuchos e eixos dos desenhos 13/15.;IMP-FRACAO-D;CONFIRMADO
RET-FRACAO-OBS-D02-E-S3-02;base_tecnica/estabilidade_20260928/ocorrencias_fundacoes.csv;OBS-D02-E-S3-02;fracao;E;D;Inversão D/E no cadastro anterior, confirmada por cartuchos e eixos dos desenhos 13/15.;IMP-FRACAO-D;CONFIRMADO
RET-FRACAO-OBS-D02-E-S3-03;base_tecnica/estabilidade_20260928/ocorrencias_fundacoes.csv;OBS-D02-E-S3-03;fracao;E;D;Inversão D/E no cadastro anterior, confirmada por cartuchos e eixos dos desenhos 13/15.;IMP-FRACAO-D;CONFIRMADO
RET-FRACAO-OBS-D02-E-S3-04;base_tecnica/estabilidade_20260928/ocorrencias_fundacoes.csv;OBS-D02-E-S3-04;fracao;E;D;Inversão D/E no cadastro anterior, confirmada por cartuchos e eixos dos desenhos 13/15.;IMP-FRACAO-D;CONFIRMADO
RET-FRACAO-OBS-D02-E-S3-05;base_tecnica/estabilidade_20260928/ocorrencias_fundacoes.csv;OBS-D02-E-S3-05;fracao;E;D;Inversão D/E no cadastro anterior, confirmada por cartuchos e eixos dos desenhos 13/15.;IMP-FRACAO-D;CONFIRMADO
RET-FRACAO-OBS-D02-E-S4-01;base_tecnica/estabilidade_20260928/ocorrencias_fundacoes.csv;OBS-D02-E-S4-01;fracao;E;D;Inversão D/E no cadastro anterior, confirmada por cartuchos e eixos dos desenhos 13/15.;IMP-FRACAO-D;CONFIRMADO
RET-FRACAO-OBS-D02-E-S4-02;base_tecnica/estabilidade_20260928/ocorrencias_fundacoes.csv;OBS-D02-E-S4-02;fracao;E;D;Inversão D/E no cadastro anterior, confirmada por cartuchos e eixos dos desenhos 13/15.;IMP-FRACAO-D;CONFIRMADO
RET-FRACAO-OBS-D02-E-S4-03;base_tecnica/estabilidade_20260928/ocorrencias_fundacoes.csv;OBS-D02-E-S4-03;fracao;E;D;Inversão D/E no cadastro anterior, confirmada por cartuchos e eixos dos desenhos 13/15.;IMP-FRACAO-D;CONFIRMADO
RET-FRACAO-OBS-D02-E-S7-01;base_tecnica/estabilidade_20260928/ocorrencias_fundacoes.csv;OBS-D02-E-S7-01;fracao;E;D;Inversão D/E no cadastro anterior, confirmada por cartuchos e eixos dos desenhos 13/15.;IMP-FRACAO-D;CONFIRMADO
RET-FRACAO-OBS-D02-E-S5-01;base_tecnica/estabilidade_20260928/ocorrencias_fundacoes.csv;OBS-D02-E-S5-01;fracao;E;D;Inversão D/E no cadastro anterior, confirmada por cartuchos e eixos dos desenhos 13/15.;IMP-FRACAO-D;CONFIRMADO
RET-FRACAO-OBS-D02-E-S5-02;base_tecnica/estabilidade_20260928/ocorrencias_fundacoes.csv;OBS-D02-E-S5-02;fracao;E;D;Inversão D/E no cadastro anterior, confirmada por cartuchos e eixos dos desenhos 13/15.;IMP-FRACAO-D;CONFIRMADO
RET-FRACAO-OBS-D02-D-S1-01;base_tecnica/estabilidade_20260928/ocorrencias_fundacoes.csv;OBS-D02-D-S1-01;fracao;D;E;Inversão D/E no cadastro anterior, confirmada por cartuchos e eixos dos desenhos 13/15.;IMP-FRACAO-E;CONFIRMADO
RET-FRACAO-OBS-D02-D-S2-01;base_tecnica/estabilidade_20260928/ocorrencias_fundacoes.csv;OBS-D02-D-S2-01;fracao;D;E;Inversão D/E no cadastro anterior, confirmada por cartuchos e eixos dos desenhos 13/15.;IMP-FRACAO-E;CONFIRMADO
RET-FRACAO-OBS-D02-D-S3-01;base_tecnica/estabilidade_20260928/ocorrencias_fundacoes.csv;OBS-D02-D-S3-01;fracao;D;E;Inversão D/E no cadastro anterior, confirmada por cartuchos e eixos dos desenhos 13/15.;IMP-FRACAO-E;CONFIRMADO
RET-FRACAO-OBS-D02-D-S3-02;base_tecnica/estabilidade_20260928/ocorrencias_fundacoes.csv;OBS-D02-D-S3-02;fracao;D;E;Inversão D/E no cadastro anterior, confirmada por cartuchos e eixos dos desenhos 13/15.;IMP-FRACAO-E;CONFIRMADO
RET-FRACAO-OBS-D02-D-S3-03;base_tecnica/estabilidade_20260928/ocorrencias_fundacoes.csv;OBS-D02-D-S3-03;fracao;D;E;Inversão D/E no cadastro anterior, confirmada por cartuchos e eixos dos desenhos 13/15.;IMP-FRACAO-E;CONFIRMADO
RET-FRACAO-OBS-D02-D-S3-04;base_tecnica/estabilidade_20260928/ocorrencias_fundacoes.csv;OBS-D02-D-S3-04;fracao;D;E;Inversão D/E no cadastro anterior, confirmada por cartuchos e eixos dos desenhos 13/15.;IMP-FRACAO-E;CONFIRMADO
RET-FRACAO-OBS-D02-D-S3-05;base_tecnica/estabilidade_20260928/ocorrencias_fundacoes.csv;OBS-D02-D-S3-05;fracao;D;E;Inversão D/E no cadastro anterior, confirmada por cartuchos e eixos dos desenhos 13/15.;IMP-FRACAO-E;CONFIRMADO
RET-FRACAO-OBS-D02-D-S4-01;base_tecnica/estabilidade_20260928/ocorrencias_fundacoes.csv;OBS-D02-D-S4-01;fracao;D;E;Inversão D/E no cadastro anterior, confirmada por cartuchos e eixos dos desenhos 13/15.;IMP-FRACAO-E;CONFIRMADO
RET-FRACAO-OBS-D02-D-S4-02;base_tecnica/estabilidade_20260928/ocorrencias_fundacoes.csv;OBS-D02-D-S4-02;fracao;D;E;Inversão D/E no cadastro anterior, confirmada por cartuchos e eixos dos desenhos 13/15.;IMP-FRACAO-E;CONFIRMADO
RET-FRACAO-OBS-D02-D-S7-01;base_tecnica/estabilidade_20260928/ocorrencias_fundacoes.csv;OBS-D02-D-S7-01;fracao;D;E;Inversão D/E no cadastro anterior, confirmada por cartuchos e eixos dos desenhos 13/15.;IMP-FRACAO-E;CONFIRMADO
RET-FRACAO-OBS-D02-D-S5-01;base_tecnica/estabilidade_20260928/ocorrencias_fundacoes.csv;OBS-D02-D-S5-01;fracao;D;E;Inversão D/E no cadastro anterior, confirmada por cartuchos e eixos dos desenhos 13/15.;IMP-FRACAO-E;CONFIRMADO
RET-FRACAO-OBS-D02-D-S5-02;base_tecnica/estabilidade_20260928/ocorrencias_fundacoes.csv;OBS-D02-D-S5-02;fracao;D;E;Inversão D/E no cadastro anterior, confirmada por cartuchos e eixos dos desenhos 13/15.;IMP-FRACAO-E;CONFIRMADO
