criterio_id;ambito;transcricao;aplicacao;evidencia_id;estado_leitura;estado_aplicacao_instancias
D01-DOBRA-SAPATA;Fundação;"5Ø16 em cada bordo indicado; Est.Ø10//0.15; Ø10//0.15; cota 0.40 m; alturas VAR.";Geometria e desenvolvimentos locais pendentes. Não adicionar a todas as sapatas.;D01-DOBRA-SAPATA;CONFIRMADO;PENDENTE
D02-DOBRA-SAPATA;Fundação;"5Ø16 em cada bordo indicado; Est.Ø10//0.15; Ø10//0.15; cota 0.40 m; alturas VAR.";Geometria e desenvolvimentos locais pendentes. Não adicionar a todas as sapatas.;D02-DOBRA-SAPATA;CONFIRMADO;PENDENTE
D03-DOBRA-SAPATA;Fundação;"5Ø16 em cada bordo indicado; Est.Ø10//0.15; Ø10//0.15; cota 0.40 m; alturas VAR.";Geometria e desenvolvimentos locais pendentes. Não adicionar a todas as sapatas.;D03-DOBRA-SAPATA;CONFIRMADO;PENDENTE
D04-DOBRA-SAPATA;Fundação;"5Ø16 em cada bordo indicado; Est.Ø10//0.15; Ø10//0.15; cota 0.40 m; alturas VAR.";Geometria e desenvolvimentos locais pendentes. Não adicionar a todas as sapatas.;D04-DOBRA-SAPATA;CONFIRMADO;PENDENTE
D05-CINTAS-ZONAS;Pilares;"a = afastamento de cintas; a/2 nas zonas indicadas; continuidade 0.60 m acima/abaixo; arranque 0.80 m; último troço 0.60 m.";Com a=0.20 m resulta a/2=0.10 m. Contagem depende de altura, interfaces e não duplicação das cintas.;D05-CINTAS-ZONAS;CONFIRMADO;PENDENTE
D05-EMENDAS;Pilares;"50Ø nas emendas de continuidade e variação da secção; cotas de dobra 0.30 m nos pormenores indicados.";Critério do desenho 05. Não substituir por 60Ø da prancha de lajes.;D05-EMENDAS;CONFIRMADO;PENDENTE
D05-NASCER-LAJE-PAREDE;Pilares;"Nascer em laje: zona a/2 de 0.60 m e cota 0.50 m; nascer em parede: cotas 0.60 m e 1.20 m.";"Consultar forma do ferro; cotas não equivalem a comprimento desenvolvido.";D05-NASCER-LAJE-PAREDE;CONFIRMADO;PENDENTE
D05-FECHO-CINTAS;Pilares;"Cinta: ponta 5Ø; gancho: ponta 6Ø; diâmetro interior de dobragem 5Ø; ângulos 45°.";Desenvolvimento e número de ramos por secção pendentes.;D05-FECHO-CINTAS;CONFIRMADO;PENDENTE
D05-NE;N.E.;"Espessura 0.20 m; vão interior horizontal 2.39 m; cota vertical interior 1.98 m; 8Ø20 nos extremos; Ø10//0.10; Ø8//0.15; 2x3Ø20//0.10 nas extremidades inferiores.";Significado de N.E. e correspondência com secção tipo do túnel não expandidos sem confirmação. Desenvolvimento, altura longitudinal e volumes pendentes.;D05-NE;CONFIRMADO;PENDENTE
D06-VIGA-SALA;Ligação da viga metálica do vão da sala;"HEB200; chapa 250x300x16 mm deixada à betonagem; 3UØ16 soldados à chapa.";Registo do pormenor revisto em 09/07/2026. Comprimento da viga, quantidade de ligações e desenvolvimento dos U pendentes.;D06-VIGA-SALA;CONFIRMADO;PENDENTE
D01-MATERIAIS;Legenda;"Betão limpeza C16/20 X0; fundações C30/37 XC2(P) Cl0.40 D22 S3; geral C30/37 XC1(P) Cl0.20 D22 S3; varão A500.NR.SD; rede A500.ER; parafusos/chumbadouros classe 8.8 galvanizados.";Transcrição de especificações, sem aprovação de aplicação. Subclasse completa do aço em perfil PENDENTE: não normalizar a chamada pouco clara S355... .;D01-MATERIAIS;CONFIRMADO;PENDENTE
D01-RECOBRIMENTOS;Legenda;"Lajes e paredes: 0.025 m; vigas e pilares: 0.030 m; faces em contacto com o solo: 0.050 m.";Aplicação por face e recobrimento efetivo de cada ferro precisam de confirmação antes do corte.;D01-RECOBRIMENTOS;CONFIRMADO;PENDENTE
D01-NOTAS-COTAS;Notas;"Todas as cotas devem ser confirmadas pelo projeto de arquitetura e em obra; compatibilizar courettes, furações e especialidades; plantas referem cotas de limpo e tosco.";Leitura confirmada não equivale a validação em obra.;D01-NOTAS-COTAS;CONFIRMADO;PENDENTE
