evidencia_id;fonte_id;desenho;pagina_pdf;revisao;x0;y0;x1;y1;localizador;metodo
D01-MAPA-SAPATAS;EST-260928-1;01;4;A;437;270;559;349;MAPA-SAPATAS;LEITURA_VISUAL_AMPLIADA
D01-PORMENORES-FUNDACAO;EST-260928-1;01;4;A;127;299;254;416;PORMENORES-FUNDACAO;LEITURA_VISUAL_AMPLIADA
D02-MAPA-SAPATAS;EST-260928-1;02;5;A;624;31;794;133;MAPA-SAPATAS;LEITURA_VISUAL_AMPLIADA
D02-PORMENORES-FUNDACAO;EST-260928-1;02;5;A;35;402;204;557;PORMENORES-FUNDACAO;LEITURA_VISUAL_AMPLIADA
D03-MAPA-SAPATAS;EST-260928-1;03;6;A;625;39;790;141;MAPA-SAPATAS;LEITURA_VISUAL_AMPLIADA
D03-PORMENORES-FUNDACAO;EST-260928-1;03;6;A;25;380;207;537;PORMENORES-FUNDACAO;LEITURA_VISUAL_AMPLIADA
D04-MAPA-SAPATAS;EST-260928-1;04;7;A;438;277;566;350;MAPA-SAPATAS;LEITURA_VISUAL_AMPLIADA
D04-PORMENORES-FUNDACAO;EST-260928-1;04;7;A;127;299;254;416;PORMENORES-FUNDACAO;LEITURA_VISUAL_AMPLIADA
D05-MAPA-PILARES;EST-260928-1;05;8;A;20;25;450;194;MAPA-PILARES;LEITURA_VISUAL_AMPLIADA
D05-MUROS;EST-260928-1;05;8;A;20;195;407;354;MUROS;LEITURA_VISUAL_AMPLIADA
D05-PAREDES;EST-260928-1;05;8;A;133;359;280;512;PAREDES;LEITURA_VISUAL_AMPLIADA
D06-MAPA-METAL-A-E;EST-260928-1;06;9;A;30;30;268;257;MAPA-METAL-A-E;LEITURA_VISUAL_AMPLIADA
D06-MAPA-METAL-F-J;EST-260928-1;06;9;A;280;30;542;257;MAPA-METAL-F-J;LEITURA_VISUAL_AMPLIADA
D06-PORMENOR-A;EST-260928-1;06;9;A;26;280;568;410;PORMENOR-A;LEITURA_VISUAL_AMPLIADA
D06-PORMENOR-B;EST-260928-1;06;9;A;26;280;568;410;PORMENOR-B;LEITURA_VISUAL_AMPLIADA
D06-PORMENOR-C;EST-260928-1;06;9;A;26;280;568;410;PORMENOR-C;LEITURA_VISUAL_AMPLIADA
D06-PORMENOR-D;EST-260928-1;06;9;A;26;280;568;410;PORMENOR-D;LEITURA_VISUAL_AMPLIADA
D06-PORMENOR-E;EST-260928-1;06;9;A;26;280;568;410;PORMENOR-E;LEITURA_VISUAL_AMPLIADA
D06-PORMENOR-F;EST-260928-1;06;9;A;26;280;568;410;PORMENOR-F;LEITURA_VISUAL_AMPLIADA
D06-PORMENOR-G;EST-260928-1;06;9;A;26;280;568;410;PORMENOR-G;LEITURA_VISUAL_AMPLIADA
D06-PORMENOR-H;EST-260928-1;06;9;A;28;418;173;565;PORMENOR-H;LEITURA_VISUAL_AMPLIADA
D06-PORMENOR-I;EST-260928-1;06;9;A;184;418;278;532;PORMENOR-I;LEITURA_VISUAL_AMPLIADA
D01-DOBRA-SAPATA;EST-260928-1;01;4;A;127;350;254;417;DOBRA-SAPATA;LEITURA_VISUAL_AMPLIADA
D02-DOBRA-SAPATA;EST-260928-1;02;5;A;36;474;203;557;DOBRA-SAPATA;LEITURA_VISUAL_AMPLIADA
D03-DOBRA-SAPATA;EST-260928-1;03;6;A;25;457;205;535;DOBRA-SAPATA;LEITURA_VISUAL_AMPLIADA
D04-DOBRA-SAPATA;EST-260928-1;04;7;A;127;350;254;417;DOBRA-SAPATA;LEITURA_VISUAL_AMPLIADA
D05-CINTAS-ZONAS;EST-260928-1;05;8;A;457;28;673;180;CINTAS-ZONAS;LEITURA_VISUAL_AMPLIADA
D05-EMENDAS;EST-260928-1;05;8;A;457;28;673;180;EMENDAS;LEITURA_VISUAL_AMPLIADA
D05-NASCER-LAJE-PAREDE;EST-260928-1;05;8;A;457;28;673;180;NASCER-LAJE-PAREDE;LEITURA_VISUAL_AMPLIADA
D05-FECHO-CINTAS;EST-260928-1;05;8;A;595;28;674;140;FECHO-CINTAS;LEITURA_VISUAL_AMPLIADA
D05-NE;EST-260928-1;05;8;A;441;197;555;298;NE;LEITURA_VISUAL_AMPLIADA
D06-VIGA-SALA;EST-260928-1;06;9;A;371;418;564;560;VIGA-SALA;LEITURA_VISUAL_AMPLIADA
D01-MATERIAIS;EST-260928-1;01;4;A;565;350;696;442;MATERIAIS;LEITURA_VISUAL_AMPLIADA
D01-RECOBRIMENTOS;EST-260928-1;01;4;A;565;442;696;468;RECOBRIMENTOS;LEITURA_VISUAL_AMPLIADA
D01-NOTAS-COTAS;EST-260928-1;01;4;A;565;468;697;506;NOTAS-COTAS;LEITURA_VISUAL_AMPLIADA
D01-PLANTA-A;EST-260928-1;01;4;A;153;43;317;262;PLANTA-A;LEITURA_VISUAL_AMPLIADA
D01-PLANTA-B;EST-260928-1;01;4;A;315;43;457;262;PLANTA-B;LEITURA_VISUAL_AMPLIADA
D01-PLANTA-C;EST-260928-1;01;4;A;456;43;672;262;PLANTA-C;LEITURA_VISUAL_AMPLIADA
D02-PLANTA-E;EST-260928-1;02;5;A;83;73;365;341;PLANTA-E;LEITURA_VISUAL_AMPLIADA
D02-PLANTA-D;EST-260928-1;02;5;A;378;99;569;383;PLANTA-D;LEITURA_VISUAL_AMPLIADA
D03-PLANTA-G;EST-260928-1;03;6;A;64;46;288;375;PLANTA-G;LEITURA_VISUAL_AMPLIADA
D03-PLANTA-F;EST-260928-1;03;6;A;364;46;562;375;PLANTA-F;LEITURA_VISUAL_AMPLIADA
D04-PLANTA-J;EST-260928-1;04;7;A;179;19;324;266;PLANTA-J;LEITURA_VISUAL_AMPLIADA
D04-PLANTA-I;EST-260928-1;04;7;A;316;19;499;266;PLANTA-I;LEITURA_VISUAL_AMPLIADA
D04-PLANTA-H;EST-260928-1;04;7;A;490;19;694;266;PLANTA-H;LEITURA_VISUAL_AMPLIADA
