pendencia_id;ambito;campos;motivo;acao_necessaria;evidencia_id;estado;bloqueia
P-FUND-A;D01 - Fração A;"eixos exatos; cotas; limites líquidos; elementos.csv";"Ocorrências gráficas cadastradas; falta fechar eixos e interfaces por elemento.";"Compatibilizar limites S1, fundações dos muros, sapatas e vigas; não duplicar betão nas interseções.";D01-PLANTA-A;PENDENTE;QUANTITATIVO_FINAL_E_EXECUCAO_AUTOMATICA
P-FUND-B;D01 - Fração B;"eixos exatos; cotas; limites líquidos; elementos.csv";"Ocorrências gráficas cadastradas; falta fechar eixos e interfaces por elemento.";"Compatibilizar limites S1, fundações dos muros, sapatas e vigas; não duplicar betão nas interseções.";D01-PLANTA-B;PENDENTE;QUANTITATIVO_FINAL_E_EXECUCAO_AUTOMATICA
P-FUND-C;D01 - Fração C;"eixos exatos; cotas; limites líquidos; elementos.csv";"Ocorrências gráficas cadastradas; falta fechar eixos e interfaces por elemento.";"Compatibilizar limites S1, fundações dos muros, sapatas e vigas; não duplicar betão nas interseções.";D01-PLANTA-C;PENDENTE;QUANTITATIVO_FINAL_E_EXECUCAO_AUTOMATICA
P-FUND-E;D02 - Fração E;"eixos exatos; cotas; limites líquidos; elementos.csv";"Ocorrências gráficas cadastradas; falta fechar eixos e interfaces por elemento.";"Compatibilizar limites S1, fundações dos muros, sapatas e vigas; não duplicar betão nas interseções.";D02-PLANTA-E;PENDENTE;QUANTITATIVO_FINAL_E_EXECUCAO_AUTOMATICA
P-FUND-D;D02 - Fração D;"eixos exatos; cotas; limites líquidos; elementos.csv";"Ocorrências gráficas cadastradas; falta fechar eixos e interfaces por elemento.";"Compatibilizar limites S1, fundações dos muros, sapatas e vigas; não duplicar betão nas interseções.";D02-PLANTA-D;PENDENTE;QUANTITATIVO_FINAL_E_EXECUCAO_AUTOMATICA
P-FUND-G;D03 - Fração G;"eixos exatos; cotas; limites líquidos; elementos.csv";"Ocorrências gráficas cadastradas; falta fechar eixos e interfaces por elemento.";"Compatibilizar limites S1, fundações dos muros, sapatas e vigas; não duplicar betão nas interseções.";D03-PLANTA-G;PENDENTE;QUANTITATIVO_FINAL_E_EXECUCAO_AUTOMATICA
P-FUND-F;D03 - Fração F;"eixos exatos; cotas; limites líquidos; elementos.csv";"Ocorrências gráficas cadastradas; falta fechar eixos e interfaces por elemento.";"Compatibilizar limites S1, fundações dos muros, sapatas e vigas; não duplicar betão nas interseções.";D03-PLANTA-F;PENDENTE;QUANTITATIVO_FINAL_E_EXECUCAO_AUTOMATICA
P-FUND-J;D04 - Fração J;"eixos exatos; cotas; limites líquidos; elementos.csv";"Ocorrências gráficas cadastradas; falta fechar eixos e interfaces por elemento.";"Compatibilizar limites S1, fundações dos muros, sapatas e vigas; não duplicar betão nas interseções.";D04-PLANTA-J;PENDENTE;QUANTITATIVO_FINAL_E_EXECUCAO_AUTOMATICA
P-FUND-I;D04 - Fração I;"eixos exatos; cotas; limites líquidos; elementos.csv";"Ocorrências gráficas cadastradas; falta fechar eixos e interfaces por elemento.";"Compatibilizar limites S1, fundações dos muros, sapatas e vigas; não duplicar betão nas interseções.";D04-PLANTA-I;PENDENTE;QUANTITATIVO_FINAL_E_EXECUCAO_AUTOMATICA
P-FUND-H;D04 - Fração H;"eixos exatos; cotas; limites líquidos; elementos.csv";"Ocorrências gráficas cadastradas; falta fechar eixos e interfaces por elemento.";"Compatibilizar limites S1, fundações dos muros, sapatas e vigas; não duplicar betão nas interseções.";D04-PLANTA-H;PENDENTE;QUANTITATIVO_FINAL_E_EXECUCAO_AUTOMATICA
P-S1;S1 em D01-D04;"a_m;b_m;poligono";Mapa remete VER PLANTA, não fornece A/B uniformes.;Cadastrar polígonos cotados por fração e relações com N.E.;D01-MAPA-SAPATAS;PENDENTE;QUANTITATIVO_FINAL_E_EXECUCAO_AUTOMATICA
P-SAP-ACO;S1-S7;"cortes;ganchos;contagem malhas;bordo";Mapa fornece diâmetro/passo, não mapa de corte completo.;Aplicar recobrimentos e pormenores por instância, sem converter m² de malha diretamente em kg final.;D01-MAPA-SAPATAS;PENDENTE;QUANTITATIVO_FINAL_E_EXECUCAO_AUTOMATICA
P-PIL-ALT;P1-P11;"altura_real_m;fração;eixos";Quadro é tipológico, sem altura por ocorrência.;Cruzar plantas 01-04 e geometria/cortes 07-26, descontando interfaces conforme critério.;D05-MAPA-PILARES;PENDENTE;QUANTITATIVO_FINAL_E_EXECUCAO_AUTOMATICA
P-PIL-CINTAS;P1-P11;"corte_desenvolvido_cintas_m;contagem";"Passo e zonas conferidos; ramos, dobras e interfaces não fechados.";Detalhar cada forma de cinta e contar zonas sem duplicação.;D05-CINTAS-ZONAS;PENDENTE;QUANTITATIVO_FINAL_E_EXECUCAO_AUTOMATICA
P-MUROS;"Pb.1;Pb.2;Ms.1-Ms.4";"alturas reais;extensões;faces;desenvolvimentos";"Máximos/mínimos de pormenor não são alturas reais; associação completa de ramos/face ainda não fechada.";Cadastrar troços com níveis inicial/final, encontros e armadura por face/zona.;D05-MUROS;PENDENTE;QUANTITATIVO_FINAL_E_EXECUCAO_AUTOMATICA
P-PAREDES;"Pa.1;Pa.2";"alturas;segunda dimensão do L;desenvolvimentos";"Pa.2 muda de retângulo para L; notação 1+2x3 não foi expandida.";Confirmar geometria superior e discriminar os grupos de varões/cintas.;D05-PAREDES;PENDENTE;QUANTITATIVO_FINAL_E_EXECUCAO_AUTOMATICA
P-MET-C;D06-C;chumbadouros_quantidade_indicada;"Planta: 6Ø12; secção C: 4Ø12.";"Obter esclarecimento do projetista; conservar ambas as leituras.";D06-PORMENOR-C;PENDENTE;QUANTITATIVO_FINAL_E_EXECUCAO_AUTOMATICA
P-MET-H;D06-H;"chapa_b_mm;chapa_h_mm";"Chamada 260x260x10; planta cotada 300x360.";"Confirmar chapa e implantação dos furos; não arbitrar dimensão.";D06-PORMENOR-H;PENDENTE;QUANTITATIVO_FINAL_E_EXECUCAO_AUTOMATICA
P-MET-CORTES;PM1-PM8 e ligações;"massas;cortes;ocorrências;comprimentos chumbadouros;soldaduras";"Comprimentos impressos não representam automaticamente corte de fabrico; detalhes sem mapa de quantidades.";Compatibilizar níveis/chapas, obter massa do perfil especificado e mapa de fabrico.;D06-MAPA-METAL-F-J;PENDENTE;QUANTITATIVO_FINAL_E_EXECUCAO_AUTOMATICA
P-ACO-PERFIL;Legenda dos materiais;subclasse completa aço perfil;Chamada após S355 não normalizada por leitura pouco clara.;Confirmar designação completa na especificação do projetista.;D01-MATERIAIS;PENDENTE;QUANTITATIVO_FINAL_E_EXECUCAO_AUTOMATICA
P-NE;N.E.;"extensão;interpretação;instâncias";"Pormenor registrado; significado da sigla não confirmado.";Compatibilizar pormenor N.E. com os núcleos das plantas e cortes.;D05-NE;PENDENTE;QUANTITATIVO_FINAL_E_EXECUCAO_AUTOMATICA
P-OUTROS-D05;Desenho 05;"escadas E1-E4;lajes de vigotas;secção tipo do túnel";"Itens adicionais da prancha identificados; detalhamento de escadas/lajes não integra o cadastro de fundações/pilares/paredes desta etapa.";Extrair em lote próprio e confirmar correspondência de N.E. com o título.;D05-NE;PENDENTE;QUANTITATIVO_FINAL_E_EXECUCAO_AUTOMATICA
P-SOLDAS;Desenho 06;"quadro de soldaduras;cordões;comprimentos";Quadro de simbologia presente, aplicação por ligação não confirmada.;Transcrever simbologia e associar cordões dimensionados a cada ligação antes de quantificar.;D06-PORMENOR-A;PENDENTE;QUANTITATIVO_FINAL_E_EXECUCAO_AUTOMATICA
