tipo_id;designacao;b_m;h_m;armadura_superior_literal;armadura_inferior_literal;armadura_lateral_literal;estribo_diametro_mm;estribo_espacamento_m;comprimento_corte_estribo_m;comprimento_instancia_m;evidencia_id;estado_leitura;estado_quantitativo
D01-LF1;LF1;0,20;0,65;3Ø12;3Ø12;2x2Ø8;8;0,20;PENDENTE;PENDENTE;D01-PORMENORES-FUNDACAO;CONFIRMADO;PENDENTE
D01-VF1;VF1;0,30;0,40;4Ø16;4Ø16;NAO_APLICAVEL;8;0,20;PENDENTE;PENDENTE;D01-PORMENORES-FUNDACAO;CONFIRMADO;PENDENTE
D01-LF2;LF2;0,20;0,85;3Ø12;3Ø12;3x2Ø8;8;0,20;PENDENTE;PENDENTE;D01-PORMENORES-FUNDACAO;CONFIRMADO;PENDENTE
D02-LF1;LF1;0,20;0,65;3Ø12;3Ø12;2x2Ø8;8;0,20;PENDENTE;PENDENTE;D02-PORMENORES-FUNDACAO;CONFIRMADO;PENDENTE
D02-VF1;VF1;0,30;0,40;4Ø16;4Ø16;NAO_APLICAVEL;8;0,20;PENDENTE;PENDENTE;D02-PORMENORES-FUNDACAO;CONFIRMADO;PENDENTE
D02-LF2;LF2;0,20;0,85;3Ø12;3Ø12;3x2Ø8;8;0,20;PENDENTE;PENDENTE;D02-PORMENORES-FUNDACAO;CONFIRMADO;PENDENTE
D03-LF1;LF1;0,20;0,65;3Ø12;3Ø12;2x2Ø8;8;0,20;PENDENTE;PENDENTE;D03-PORMENORES-FUNDACAO;CONFIRMADO;PENDENTE
D03-VF1;VF1;0,30;0,40;4Ø16;4Ø16;NAO_APLICAVEL;8;0,20;PENDENTE;PENDENTE;D03-PORMENORES-FUNDACAO;CONFIRMADO;PENDENTE
D03-LF2;LF2;0,20;0,85;3Ø12;3Ø12;3x2Ø8;8;0,20;PENDENTE;PENDENTE;D03-PORMENORES-FUNDACAO;CONFIRMADO;PENDENTE
D04-LF1;LF1;0,20;0,65;3Ø12;3Ø12;2x2Ø8;8;0,20;PENDENTE;PENDENTE;D04-PORMENORES-FUNDACAO;CONFIRMADO;PENDENTE
D04-VF1;VF1;0,30;0,40;4Ø16;4Ø16;NAO_APLICAVEL;8;0,20;PENDENTE;PENDENTE;D04-PORMENORES-FUNDACAO;CONFIRMADO;PENDENTE
D04-LF2;LF2;0,20;0,85;3Ø12;3Ø12;3x2Ø8;8;0,20;PENDENTE;PENDENTE;D04-PORMENORES-FUNDACAO;CONFIRMADO;PENDENTE
