troco_tipo_id;grupo_fracoes;designacao;piso_inferior;piso_superior;perfil_literal;comprimento_cotado_m;pormenor_inferior;pormenor_superior;altura_entre_pisos_m;comprimento_corte_fabricacao_m;massa_linear_kg_m;numero_ocorrencias;evidencia_id;estado_leitura;estado_quantitativo;observacoes
D06-A-E-PM1-1;A-E;PM1;FUNDACOES;P0;SHS 160x10;3,02;D06-A;D06-B;PENDENTE;PENDENTE;PENDENTE;PENDENTE;D06-MAPA-METAL-A-E;CONFIRMADO;PENDENTE;"Perfil dos troços H confirmado na secção H. Cotas lidas no quadro; não somar profundidades de ancoragem nem deduzir espessuras sem detalhe de fabrico."
D06-A-E-PM1-2;A-E;PM1;P0;P1;SHS 160x10;2,82;D06-B;D06-G;PENDENTE;PENDENTE;PENDENTE;PENDENTE;D06-MAPA-METAL-A-E;CONFIRMADO;PENDENTE;"Perfil dos troços H confirmado na secção H. Cotas lidas no quadro; não somar profundidades de ancoragem nem deduzir espessuras sem detalhe de fabrico."
D06-A-E-PM2-1;A-E;PM2;FUNDACOES;P0;SHS 160x10;3,02;D06-A;D06-C;PENDENTE;PENDENTE;PENDENTE;PENDENTE;D06-MAPA-METAL-A-E;CONFIRMADO;PENDENTE;"Perfil dos troços H confirmado na secção H. Cotas lidas no quadro; não somar profundidades de ancoragem nem deduzir espessuras sem detalhe de fabrico."
D06-A-E-PM2-2;A-E;PM2;P0;P1;SHS 160x10;2,82;D06-C;D06-G;PENDENTE;PENDENTE;PENDENTE;PENDENTE;D06-MAPA-METAL-A-E;CONFIRMADO;PENDENTE;"Perfil dos troços H confirmado na secção H. Cotas lidas no quadro; não somar profundidades de ancoragem nem deduzir espessuras sem detalhe de fabrico."
D06-A-E-PM3-1;A-E;PM3;FUNDACOES;P0;SHS 160x10;3,02;D06-A;D06-B;PENDENTE;PENDENTE;PENDENTE;PENDENTE;D06-MAPA-METAL-A-E;CONFIRMADO;PENDENTE;"Perfil dos troços H confirmado na secção H. Cotas lidas no quadro; não somar profundidades de ancoragem nem deduzir espessuras sem detalhe de fabrico."
D06-A-E-PM3-2;A-E;PM3;P0;P1;SHS 160x10;2,82;D06-B;D06-G;PENDENTE;PENDENTE;PENDENTE;PENDENTE;D06-MAPA-METAL-A-E;CONFIRMADO;PENDENTE;"Perfil dos troços H confirmado na secção H. Cotas lidas no quadro; não somar profundidades de ancoragem nem deduzir espessuras sem detalhe de fabrico."
D06-A-E-PM4-1;A-E;PM4;FUNDACOES;P0;SHS 160x10;3,02;D06-A;D06-D;PENDENTE;PENDENTE;PENDENTE;PENDENTE;D06-MAPA-METAL-A-E;CONFIRMADO;PENDENTE;"Perfil dos troços H confirmado na secção H. Cotas lidas no quadro; não somar profundidades de ancoragem nem deduzir espessuras sem detalhe de fabrico."
D06-A-E-PM5-1;A-E;PM5;P0;P1;SHS 160x10;2,82;D06-E;D06-C;PENDENTE;PENDENTE;PENDENTE;PENDENTE;D06-MAPA-METAL-A-E;CONFIRMADO;PENDENTE;"Perfil dos troços H confirmado na secção H. Cotas lidas no quadro; não somar profundidades de ancoragem nem deduzir espessuras sem detalhe de fabrico."
D06-A-E-PM5-2;A-E;PM5;P1;COBERTURA;SHS 160x10;2,92;D06-C;D06-D;PENDENTE;PENDENTE;PENDENTE;PENDENTE;D06-MAPA-METAL-A-E;CONFIRMADO;PENDENTE;"Perfil dos troços H confirmado na secção H. Cotas lidas no quadro; não somar profundidades de ancoragem nem deduzir espessuras sem detalhe de fabrico."
D06-A-E-PM6-1;A-E;PM6;P0;COBERTURA;SHS 160x10;6,27;D06-F;D06-D;PENDENTE;PENDENTE;PENDENTE;PENDENTE;D06-MAPA-METAL-A-E;CONFIRMADO;PENDENTE;"Perfil dos troços H confirmado na secção H. Cotas lidas no quadro; não somar profundidades de ancoragem nem deduzir espessuras sem detalhe de fabrico."
D06-A-E-PM7-1;A-E;PM7;NIVEL_4,25;NIVEL_5,22;SHS 160x10;0,97;D06-H;D06-H;PENDENTE;PENDENTE;PENDENTE;PENDENTE;D06-MAPA-METAL-A-E;CONFIRMADO;PENDENTE;"Perfil dos troços H confirmado na secção H. Cotas lidas no quadro; não somar profundidades de ancoragem nem deduzir espessuras sem detalhe de fabrico."
D06-F-J-PM1-1;F-J;PM1;FUNDACOES;P0;SHS 160x10;3,02;D06-A;D06-B;PENDENTE;PENDENTE;PENDENTE;PENDENTE;D06-MAPA-METAL-F-J;CONFIRMADO;PENDENTE;"Perfil dos troços H confirmado na secção H. Cotas lidas no quadro; não somar profundidades de ancoragem nem deduzir espessuras sem detalhe de fabrico."
D06-F-J-PM1-2;F-J;PM1;P0;P1;SHS 160x10;2,82;D06-B;D06-C;PENDENTE;PENDENTE;PENDENTE;PENDENTE;D06-MAPA-METAL-F-J;CONFIRMADO;PENDENTE;"Perfil dos troços H confirmado na secção H. Cotas lidas no quadro; não somar profundidades de ancoragem nem deduzir espessuras sem detalhe de fabrico."
D06-F-J-PM1-3;F-J;PM1;P1;COBERTURA;SHS 160x10;2,92;D06-C;D06-I;PENDENTE;PENDENTE;PENDENTE;PENDENTE;D06-MAPA-METAL-F-J;CONFIRMADO;PENDENTE;"Perfil dos troços H confirmado na secção H. Cotas lidas no quadro; não somar profundidades de ancoragem nem deduzir espessuras sem detalhe de fabrico."
D06-F-J-PM2-1;F-J;PM2;FUNDACOES;P0;SHS 160x10;3,02;D06-A;D06-B;PENDENTE;PENDENTE;PENDENTE;PENDENTE;D06-MAPA-METAL-F-J;CONFIRMADO;PENDENTE;"Perfil dos troços H confirmado na secção H. Cotas lidas no quadro; não somar profundidades de ancoragem nem deduzir espessuras sem detalhe de fabrico."
D06-F-J-PM2-2;F-J;PM2;P0;P1;SHS 160x10;2,82;D06-B;D06-G;PENDENTE;PENDENTE;PENDENTE;PENDENTE;D06-MAPA-METAL-F-J;CONFIRMADO;PENDENTE;"Perfil dos troços H confirmado na secção H. Cotas lidas no quadro; não somar profundidades de ancoragem nem deduzir espessuras sem detalhe de fabrico."
D06-F-J-PM3-1;F-J;PM3;FUNDACOES;P0;SHS 160x10;3,02;D06-A;D06-C;PENDENTE;PENDENTE;PENDENTE;PENDENTE;D06-MAPA-METAL-F-J;CONFIRMADO;PENDENTE;"Perfil dos troços H confirmado na secção H. Cotas lidas no quadro; não somar profundidades de ancoragem nem deduzir espessuras sem detalhe de fabrico."
D06-F-J-PM3-2;F-J;PM3;P0;P1;SHS 160x10;2,82;D06-C;D06-G;PENDENTE;PENDENTE;PENDENTE;PENDENTE;D06-MAPA-METAL-F-J;CONFIRMADO;PENDENTE;"Perfil dos troços H confirmado na secção H. Cotas lidas no quadro; não somar profundidades de ancoragem nem deduzir espessuras sem detalhe de fabrico."
D06-F-J-PM4-1;F-J;PM4;FUNDACOES;P0;SHS 160x10;3,02;D06-A;D06-D;PENDENTE;PENDENTE;PENDENTE;PENDENTE;D06-MAPA-METAL-F-J;CONFIRMADO;PENDENTE;"Perfil dos troços H confirmado na secção H. Cotas lidas no quadro; não somar profundidades de ancoragem nem deduzir espessuras sem detalhe de fabrico."
D06-F-J-PM5-1;F-J;PM5;FUNDACOES;P0;SHS 160x10;3,02;D06-A;D06-I;PENDENTE;PENDENTE;PENDENTE;PENDENTE;D06-MAPA-METAL-F-J;CONFIRMADO;PENDENTE;"Perfil dos troços H confirmado na secção H. Cotas lidas no quadro; não somar profundidades de ancoragem nem deduzir espessuras sem detalhe de fabrico."
D06-F-J-PM6-1;F-J;PM6;P0;COBERTURA;SHS 160x10;6,27;D06-F;D06-D;PENDENTE;PENDENTE;PENDENTE;PENDENTE;D06-MAPA-METAL-F-J;CONFIRMADO;PENDENTE;"Perfil dos troços H confirmado na secção H. Cotas lidas no quadro; não somar profundidades de ancoragem nem deduzir espessuras sem detalhe de fabrico."
D06-F-J-PM7-1;F-J;PM7;P0;P1;SHS 160x10;2,97;D06-F;D06-G;PENDENTE;PENDENTE;PENDENTE;PENDENTE;D06-MAPA-METAL-F-J;CONFIRMADO;PENDENTE;"Perfil dos troços H confirmado na secção H. Cotas lidas no quadro; não somar profundidades de ancoragem nem deduzir espessuras sem detalhe de fabrico."
D06-F-J-PM8-1;F-J;PM8;NIVEL_4,25;NIVEL_5,22;SHS 160x10;0,97;D06-H;D06-H;PENDENTE;PENDENTE;PENDENTE;PENDENTE;D06-MAPA-METAL-F-J;CONFIRMADO;PENDENTE;"Perfil dos troços H confirmado na secção H. Cotas lidas no quadro; não somar profundidades de ancoragem nem deduzir espessuras sem detalhe de fabrico."
