troco_tipo_id;tipo_id_legado;piso_inferior;piso_superior;secao_b_m;secao_h_m;diametro_m;armadura_longitudinal_literal;cintas_diametro_mm;cintas_espacamento_base_m;altura_real_m;corte_desenvolvido_cintas_m;evidencia_id;estado_leitura;estado_quantitativo;observacoes
D05-P1-FUNDACOES-P0;P1;FUNDACOES;P0;0,30;0,60;NAO_APLICAVEL;6Ø16 + 10Ø12;8;0,20;PENDENTE;PENDENTE;D05-MAPA-PILARES;CONFIRMADO;PENDENTE;Reconferido visualmente no PDF completo. Troço de tipo, sem multiplicação por fração. Zonas a/2 conforme pormenores.
D05-P1-P0-P1;P1;P0;P1;0,30;0,60;NAO_APLICAVEL;6Ø16 + 10Ø12;8;0,20;PENDENTE;PENDENTE;D05-MAPA-PILARES;CONFIRMADO;PENDENTE;Reconferido visualmente no PDF completo. Troço de tipo, sem multiplicação por fração. Zonas a/2 conforme pormenores.
D05-P1-P1-COBERTURA;P1;P1;COBERTURA;0,30;0,60;NAO_APLICAVEL;6Ø16 + 10Ø12;8;0,20;PENDENTE;PENDENTE;D05-MAPA-PILARES;CONFIRMADO;PENDENTE;Reconferido visualmente no PDF completo. Troço de tipo, sem multiplicação por fração. Zonas a/2 conforme pormenores.
D05-P8-FUNDACOES-P0;P8;FUNDACOES;P0;0,30;0,60;NAO_APLICAVEL;6Ø16 + 10Ø12;8;0,20;PENDENTE;PENDENTE;D05-MAPA-PILARES;CONFIRMADO;PENDENTE;Reconferido visualmente no PDF completo. Troço de tipo, sem multiplicação por fração. Zonas a/2 conforme pormenores.
D05-P8-P0-P1;P8;P0;P1;0,30;0,60;NAO_APLICAVEL;6Ø16 + 10Ø12;8;0,20;PENDENTE;PENDENTE;D05-MAPA-PILARES;CONFIRMADO;PENDENTE;Reconferido visualmente no PDF completo. Troço de tipo, sem multiplicação por fração. Zonas a/2 conforme pormenores.
D05-P2-FUNDACOES-P0;P2;FUNDACOES;P0;0,40;0,70;NAO_APLICAVEL;28Ø16;8;0,20;PENDENTE;PENDENTE;D05-MAPA-PILARES;CONFIRMADO;PENDENTE;Reconferido visualmente no PDF completo. Troço de tipo, sem multiplicação por fração. Zonas a/2 conforme pormenores.
D05-P2-P0-P1;P2;P0;P1;0,40;0,70;NAO_APLICAVEL;28Ø16;8;0,20;PENDENTE;PENDENTE;D05-MAPA-PILARES;CONFIRMADO;PENDENTE;Reconferido visualmente no PDF completo. Troço de tipo, sem multiplicação por fração. Zonas a/2 conforme pormenores.
D05-P3-FUNDACOES-P0;P3;FUNDACOES;P0;0,40;0,20;NAO_APLICAVEL;6Ø16 + 6Ø12;8;0,20;PENDENTE;PENDENTE;D05-MAPA-PILARES;CONFIRMADO;PENDENTE;Reconferido visualmente no PDF completo. Troço de tipo, sem multiplicação por fração. Zonas a/2 conforme pormenores.
D05-P4-P0-P1;P4;P0;P1;0,20;0,40;NAO_APLICAVEL;6Ø16 + 6Ø12;8;0,20;PENDENTE;PENDENTE;D05-MAPA-PILARES;CONFIRMADO;PENDENTE;Reconferido visualmente no PDF completo. Troço de tipo, sem multiplicação por fração. Zonas a/2 conforme pormenores.
D05-P4-P1-COBERTURA;P4;P1;COBERTURA;0,20;0,40;NAO_APLICAVEL;6Ø16 + 6Ø12;8;0,20;PENDENTE;PENDENTE;D05-MAPA-PILARES;CONFIRMADO;PENDENTE;Reconferido visualmente no PDF completo. Troço de tipo, sem multiplicação por fração. Zonas a/2 conforme pormenores.
D05-P5-P0-P1;P5;P0;P1;0,20;0,40;NAO_APLICAVEL;6Ø16 + 6Ø12;8;0,20;PENDENTE;PENDENTE;D05-MAPA-PILARES;CONFIRMADO;PENDENTE;Reconferido visualmente no PDF completo. Troço de tipo, sem multiplicação por fração. Zonas a/2 conforme pormenores.
D05-P6-FUNDACOES-P0;P6;FUNDACOES;P0;0,30;0,30;NAO_APLICAVEL;8Ø20 + 4Ø16;8;0,20;PENDENTE;PENDENTE;D05-MAPA-PILARES;CONFIRMADO;PENDENTE;Reconferido visualmente no PDF completo. Troço de tipo, sem multiplicação por fração. Zonas a/2 conforme pormenores.
D05-P6-P0-P1;P6;P0;P1;0,30;0,30;NAO_APLICAVEL;8Ø20 + 4Ø16;8;0,20;PENDENTE;PENDENTE;D05-MAPA-PILARES;CONFIRMADO;PENDENTE;Reconferido visualmente no PDF completo. Troço de tipo, sem multiplicação por fração. Zonas a/2 conforme pormenores.
D05-P7-INF-FUNDACOES-P0;P7-INF;FUNDACOES;P0;0,50;0,30;NAO_APLICAVEL;10Ø16;8;0,20;PENDENTE;PENDENTE;D05-MAPA-PILARES;CONFIRMADO;PENDENTE;Reconferido visualmente no PDF completo. Troço de tipo, sem multiplicação por fração. Zonas a/2 conforme pormenores.
D05-P7-SUP-P0-P1;P7-SUP;P0;P1;NAO_APLICAVEL;NAO_APLICAVEL;0,30;Circular Ø30 cm;8;0,20;PENDENTE;PENDENTE;D05-MAPA-PILARES;CONFIRMADO;PENDENTE;Reconferido visualmente no PDF completo. Troço de tipo, sem multiplicação por fração. Zonas a/2 conforme pormenores.
D05-P7-SUP-P1-COBERTURA;P7-SUP;P1;COBERTURA;NAO_APLICAVEL;NAO_APLICAVEL;0,30;Circular Ø30 cm;8;0,20;PENDENTE;PENDENTE;D05-MAPA-PILARES;CONFIRMADO;PENDENTE;Reconferido visualmente no PDF completo. Troço de tipo, sem multiplicação por fração. Zonas a/2 conforme pormenores.
D05-P9-P1-COBERTURA;P9;P1;COBERTURA;1,30;0,20;NAO_APLICAVEL;16Ø16 + 14Ø10;8;0,20;PENDENTE;PENDENTE;D05-MAPA-PILARES;CONFIRMADO;PENDENTE;Reconferido visualmente no PDF completo. Troço de tipo, sem multiplicação por fração. Zonas a/2 conforme pormenores.
D05-P10-P1-COBERTURA;P10;P1;COBERTURA;0,20;1,00;NAO_APLICAVEL;24Ø16;8;0,20;PENDENTE;PENDENTE;D05-MAPA-PILARES;CONFIRMADO;PENDENTE;Reconferido visualmente no PDF completo. Troço de tipo, sem multiplicação por fração. Zonas a/2 conforme pormenores.
D05-P11-P1-COBERTURA;P11;P1;COBERTURA;0,20;0,80;NAO_APLICAVEL;8Ø16 + 12Ø12;8;0,20;PENDENTE;PENDENTE;D05-MAPA-PILARES;CONFIRMADO;PENDENTE;Reconferido visualmente no PDF completo. Troço de tipo, sem multiplicação por fração. Zonas a/2 conforme pormenores.
