tipo,recobrimento_m,corte_modelo_m,kg_por_cinta,estado_aplicacao,criterio,fonte
P1/P8 exterior,0.03,1.6421946710584652,0.6486668950680937,PENDENTE,3x90 + 2x135; mandril5Ø; duas caudas5Ø; Ø8,D05-MAPA-PILARES; D05-FECHO-CINTAS; p.8
P1/P8 exterior,0.05,1.482194671058465,0.5854668950680937,PENDENTE,3x90 + 2x135; mandril5Ø; duas caudas5Ø; Ø8,D05-MAPA-PILARES; D05-FECHO-CINTAS; p.8
P2 exterior,0.03,2.042194671058465,0.8066668950680937,PENDENTE,3x90 + 2x135; mandril5Ø; duas caudas5Ø; Ø8,D05-MAPA-PILARES; D05-FECHO-CINTAS; p.8
P2 exterior,0.05,1.8821946710584652,0.7434668950680938,PENDENTE,3x90 + 2x135; mandril5Ø; duas caudas5Ø; Ø8,D05-MAPA-PILARES; D05-FECHO-CINTAS; p.8
P3/P4/P5 simples,0.03,1.042194671058465,0.41166689506809373,PENDENTE,3x90 + 2x135; mandril5Ø; duas caudas5Ø; Ø8,D05-MAPA-PILARES; D05-FECHO-CINTAS; p.8
P3/P4/P5 simples,0.05,0.8821946710584652,0.34846689506809375,PENDENTE,3x90 + 2x135; mandril5Ø; duas caudas5Ø; Ø8,D05-MAPA-PILARES; D05-FECHO-CINTAS; p.8
P6 simples,0.03,1.042194671058465,0.41166689506809373,PENDENTE,3x90 + 2x135; mandril5Ø; duas caudas5Ø; Ø8,D05-MAPA-PILARES; D05-FECHO-CINTAS; p.8
P6 simples,0.05,0.8821946710584649,0.34846689506809364,PENDENTE,3x90 + 2x135; mandril5Ø; duas caudas5Ø; Ø8,D05-MAPA-PILARES; D05-FECHO-CINTAS; p.8
P7 inferior simples,0.03,1.442194671058465,0.5696668950680936,PENDENTE,3x90 + 2x135; mandril5Ø; duas caudas5Ø; Ø8,D05-MAPA-PILARES; D05-FECHO-CINTAS; p.8
P7 inferior simples,0.05,1.282194671058465,0.5064668950680937,PENDENTE,3x90 + 2x135; mandril5Ø; duas caudas5Ø; Ø8,D05-MAPA-PILARES; D05-FECHO-CINTAS; p.8
