armadura_id;tipo_id;grupo;quantidade;diametro_mm;comprimento_base_m;peso_linear_grupo_kg_por_m;inclui_cintas;inclui_emendas;inclui_arranques;fonte;estado
P1-LONG-01;P1;LONGITUDINAL;6;16;1,000;9,470016;NAO;NAO;NAO;Desenho 05;CONFIRMADO
P1-LONG-02;P1;LONGITUDINAL;10;12;1,000;8,878140;NAO;NAO;NAO;Desenho 05;CONFIRMADO
P8-LONG-01;P8;LONGITUDINAL;6;16;1,000;9,470016;NAO;NAO;NAO;Desenho 05;CONFIRMADO
P8-LONG-02;P8;LONGITUDINAL;10;12;1,000;8,878140;NAO;NAO;NAO;Desenho 05;CONFIRMADO
P2-LONG-01;P2;LONGITUDINAL;28;16;1,000;44,193408;NAO;NAO;NAO;Desenho 05;CONFIRMADO
P3-LONG-01;P3;LONGITUDINAL;6;16;1,000;9,470016;NAO;NAO;NAO;Desenho 05;CONFIRMADO
P3-LONG-02;P3;LONGITUDINAL;6;12;1,000;5,326884;NAO;NAO;NAO;Desenho 05;CONFIRMADO
P4-LONG-01;P4;LONGITUDINAL;6;16;1,000;9,470016;NAO;NAO;NAO;Desenho 05;CONFIRMADO
P4-LONG-02;P4;LONGITUDINAL;6;12;1,000;5,326884;NAO;NAO;NAO;Desenho 05;CONFIRMADO
P5-LONG-01;P5;LONGITUDINAL;6;16;1,000;9,470016;NAO;NAO;NAO;Desenho 05;CONFIRMADO
P5-LONG-02;P5;LONGITUDINAL;6;12;1,000;5,326884;NAO;NAO;NAO;Desenho 05;CONFIRMADO
P6-LONG-01;P6;LONGITUDINAL;8;20;1,000;19,729200;NAO;NAO;NAO;Desenho 05;CONFIRMADO
P6-LONG-02;P6;LONGITUDINAL;4;16;1,000;6,313344;NAO;NAO;NAO;Desenho 05;CONFIRMADO
P7I-LONG-01;P7-INF;LONGITUDINAL;10;16;1,000;15,783360;NAO;NAO;NAO;Desenho 05;CONFIRMADO
P7S-LONG-01;P7-SUP;LONGITUDINAL;7;16;1,000;11,048352;NAO;NAO;NAO;Desenho 05;CONFIRMADO
P9-LONG-01;P9;LONGITUDINAL;16;16;1,000;25,253376;NAO;NAO;NAO;Desenho 05;CONFIRMADO
P9-LONG-02;P9;LONGITUDINAL;14;10;1,000;8,631525;NAO;NAO;NAO;Desenho 05;CONFIRMADO
P10-LONG-01;P10;LONGITUDINAL;24;16;1,000;37,880064;NAO;NAO;NAO;Desenho 05;CONFIRMADO
P11-LONG-01;P11;LONGITUDINAL;8;16;1,000;12,626688;NAO;NAO;NAO;Desenho 05;CONFIRMADO
P11-LONG-02;P11;LONGITUDINAL;12;12;1,000;10,653768;NAO;NAO;NAO;Desenho 05;CONFIRMADO
