id,face,n,diametro_mm,comprimento_indicado_m,comprimento_total_m,peso_linear_kg_m,peso_kg,x_recorte_px,y_recorte_px,fonte,estado
I01,I,5,10,3,15,0.617,9.255,650,340,Des.42; PDF p.45,PARCELA_LIDA; TOTAL_LAJE_PENDENTE
I02,I,24,12,6,144,0.888,127.872,814,249,Des.42; PDF p.45,PARCELA_LIDA; TOTAL_LAJE_PENDENTE
I03,I,20,8,4,80,0.395,31.6,576,826,Des.42; PDF p.45,PARCELA_LIDA; TOTAL_LAJE_PENDENTE
S01,S,5,10,1.5,7.5,0.617,4.6275,363,103,Des.42; PDF p.45,PARCELA_LIDA; TOTAL_LAJE_PENDENTE
S02,S,5,10,2,10,0.617,6.17,404,147,Des.42; PDF p.45,PARCELA_LIDA; TOTAL_LAJE_PENDENTE
S03,S,5,12,2,10,0.888,8.88,335,314,Des.42; PDF p.45,PARCELA_LIDA; TOTAL_LAJE_PENDENTE
S04,S,8,12,2.4,19.2,0.888,17.0496,610,345,Des.42; PDF p.45,PARCELA_LIDA; TOTAL_LAJE_PENDENTE
S05,S,16,10,4,64,0.617,39.488,510,435,Des.42; PDF p.45,PARCELA_LIDA; TOTAL_LAJE_PENDENTE
S06,S,10,10,5,50,0.617,30.85,440,489,Des.42; PDF p.45,PARCELA_LIDA; TOTAL_LAJE_PENDENTE
S07,S,10,10,5,50,0.617,30.85,510,518,Des.42; PDF p.45,PARCELA_LIDA; TOTAL_LAJE_PENDENTE
S08,S,10,10,3,30,0.617,18.51,531,543,Des.42; PDF p.45,PARCELA_LIDA; TOTAL_LAJE_PENDENTE
S09,S,10,10,5,50,0.617,30.85,512,680,Des.42; PDF p.45,PARCELA_LIDA; TOTAL_LAJE_PENDENTE
S10,S,14,10,4,56,0.617,34.552,512,721,Des.42; PDF p.45,PARCELA_LIDA; TOTAL_LAJE_PENDENTE
S11,S,10,10,3,30,0.617,18.51,449,775,Des.42; PDF p.45,PARCELA_LIDA; TOTAL_LAJE_PENDENTE
S12,S,10,10,3,30,0.617,18.51,531,778,Des.42; PDF p.45,PARCELA_LIDA; TOTAL_LAJE_PENDENTE
S13,S,10,10,2,20,0.617,12.34,441,887,Des.42; PDF p.45,PARCELA_LIDA; TOTAL_LAJE_PENDENTE
S14,S,10,10,2,20,0.617,12.34,499,945,Des.42; PDF p.45,PARCELA_LIDA; TOTAL_LAJE_PENDENTE
S15,S,10,10,2,20,0.617,12.34,875,140,Des.42; PDF p.45,PARCELA_LIDA; TOTAL_LAJE_PENDENTE
S16,S,10,10,3,30,0.617,18.51,875,189,Des.42; PDF p.45,PARCELA_LIDA; TOTAL_LAJE_PENDENTE
S17,S,10,10,3,30,0.617,18.51,819,252,Des.42; PDF p.45,PARCELA_LIDA; TOTAL_LAJE_PENDENTE
S18,S,8,10,2.4,19.2,0.617,11.8464,1028,99,Des.42; PDF p.45,PARCELA_LIDA; TOTAL_LAJE_PENDENTE
S19,S,10,12,2.4,24.0,0.888,21.312,1028,143,Des.42; PDF p.45,PARCELA_LIDA; TOTAL_LAJE_PENDENTE
S20,S,10,12,4,40,0.888,35.52,1018,236,Des.42; PDF p.45,PARCELA_LIDA; TOTAL_LAJE_PENDENTE
S21,S,8,10,2.4,19.2,0.617,11.8464,1028,343,Des.42; PDF p.45,PARCELA_LIDA; TOTAL_LAJE_PENDENTE
S22,S,10,10,2.4,24.0,0.617,14.808,777,348,Des.42; PDF p.45,PARCELA_LIDA; TOTAL_LAJE_PENDENTE
S23,S,10,10,2.4,24.0,0.617,14.808,916,341,Des.42; PDF p.45,PARCELA_LIDA; TOTAL_LAJE_PENDENTE
S24,S,10,10,3,30,0.617,18.51,866,323,Des.42; PDF p.45,PARCELA_LIDA; TOTAL_LAJE_PENDENTE
S25,S,10,10,5,50,0.617,30.85,968,390,Des.42; PDF p.45,PARCELA_LIDA; TOTAL_LAJE_PENDENTE
S26,S,5,12,1.5,7.5,0.888,6.66,722,493,Des.42; PDF p.45,PARCELA_LIDA; TOTAL_LAJE_PENDENTE
S27,S,5,10,3,15,0.617,9.255,785,778,Des.42; PDF p.45,PARCELA_LIDA; TOTAL_LAJE_PENDENTE
