tipo;grupo;n;diametro;peso_linear;kg_m;emenda_m;kg_emenda;kg_emenda_grupo;fonte;estado_total
P1-P0;Longitudinal 1;6;16;1.578;9.468;0.8;1.2624000000000002;7.574400000000001;"EST-260928-1; p.8; D05-MAPA-PILARES; D05-EMENDAS";PENDENTE
P1-P0;Longitudinal 2;10;12;0.888;8.88;0.6;0.5327999999999999;5.327999999999999;"EST-260928-1; p.8; D05-MAPA-PILARES; D05-EMENDAS";PENDENTE
P1-P1;Longitudinal 1;6;16;1.578;9.468;0.8;1.2624000000000002;7.574400000000001;"EST-260928-1; p.8; D05-MAPA-PILARES; D05-EMENDAS";PENDENTE
P1-P1;Longitudinal 2;10;12;0.888;8.88;0.6;0.5327999999999999;5.327999999999999;"EST-260928-1; p.8; D05-MAPA-PILARES; D05-EMENDAS";PENDENTE
P1-COB;Longitudinal 1;6;16;1.578;9.468;0.8;1.2624000000000002;7.574400000000001;"EST-260928-1; p.8; D05-MAPA-PILARES; D05-EMENDAS";PENDENTE
P1-COB;Longitudinal 2;10;12;0.888;8.88;0.6;0.5327999999999999;5.327999999999999;"EST-260928-1; p.8; D05-MAPA-PILARES; D05-EMENDAS";PENDENTE
P2-P0;Longitudinal 1;28;16;1.578;44.184000000000005;0.8;1.2624000000000002;35.34720000000001;"EST-260928-1; p.8; D05-MAPA-PILARES; D05-EMENDAS";PENDENTE
P2-P1;Longitudinal 1;28;16;1.578;44.184000000000005;0.8;1.2624000000000002;35.34720000000001;"EST-260928-1; p.8; D05-MAPA-PILARES; D05-EMENDAS";PENDENTE
P3-P0;Longitudinal 1;6;16;1.578;9.468;0.8;1.2624000000000002;7.574400000000001;"EST-260928-1; p.8; D05-MAPA-PILARES; D05-EMENDAS";PENDENTE
P3-P0;Longitudinal 2;6;12;0.888;5.328;0.6;0.5327999999999999;3.1967999999999996;"EST-260928-1; p.8; D05-MAPA-PILARES; D05-EMENDAS";PENDENTE
P4-P1;Longitudinal 1;6;16;1.578;9.468;0.8;1.2624000000000002;7.574400000000001;"EST-260928-1; p.8; D05-MAPA-PILARES; D05-EMENDAS";PENDENTE
P4-P1;Longitudinal 2;6;12;0.888;5.328;0.6;0.5327999999999999;3.1967999999999996;"EST-260928-1; p.8; D05-MAPA-PILARES; D05-EMENDAS";PENDENTE
P4-COB;Longitudinal 1;6;16;1.578;9.468;0.8;1.2624000000000002;7.574400000000001;"EST-260928-1; p.8; D05-MAPA-PILARES; D05-EMENDAS";PENDENTE
P4-COB;Longitudinal 2;6;12;0.888;5.328;0.6;0.5327999999999999;3.1967999999999996;"EST-260928-1; p.8; D05-MAPA-PILARES; D05-EMENDAS";PENDENTE
P5-P1;Longitudinal 1;6;16;1.578;9.468;0.8;1.2624000000000002;7.574400000000001;"EST-260928-1; p.8; D05-MAPA-PILARES; D05-EMENDAS";PENDENTE
P5-P1;Longitudinal 2;6;12;0.888;5.328;0.6;0.5327999999999999;3.1967999999999996;"EST-260928-1; p.8; D05-MAPA-PILARES; D05-EMENDAS";PENDENTE
P6-P0;Longitudinal 1;8;20;2.466;19.728;1;2.466;19.728;"EST-260928-1; p.8; D05-MAPA-PILARES; D05-EMENDAS";PENDENTE
P6-P0;Longitudinal 2;4;16;1.578;6.312;0.8;1.2624000000000002;5.049600000000001;"EST-260928-1; p.8; D05-MAPA-PILARES; D05-EMENDAS";PENDENTE
P6-P1;Longitudinal 1;8;20;2.466;19.728;1;2.466;19.728;"EST-260928-1; p.8; D05-MAPA-PILARES; D05-EMENDAS";PENDENTE
P6-P1;Longitudinal 2;4;16;1.578;6.312;0.8;1.2624000000000002;5.049600000000001;"EST-260928-1; p.8; D05-MAPA-PILARES; D05-EMENDAS";PENDENTE
P7-P0;Longitudinal 1;10;16;1.578;15.780000000000001;0.8;1.2624000000000002;12.624000000000002;"EST-260928-1; p.8; D05-MAPA-PILARES; D05-EMENDAS";PENDENTE
P7-P1;Longitudinal 1;7;16;1.578;11.046000000000001;0.8;1.2624000000000002;8.836800000000002;"EST-260928-1; p.8; D05-MAPA-PILARES; D05-EMENDAS";PENDENTE
P7-COB;Longitudinal 1;7;16;1.578;11.046000000000001;0.8;1.2624000000000002;8.836800000000002;"EST-260928-1; p.8; D05-MAPA-PILARES; D05-EMENDAS";PENDENTE
P8-P0;Longitudinal 1;6;16;1.578;9.468;0.8;1.2624000000000002;7.574400000000001;"EST-260928-1; p.8; D05-MAPA-PILARES; D05-EMENDAS";PENDENTE
P8-P0;Longitudinal 2;10;12;0.888;8.88;0.6;0.5327999999999999;5.327999999999999;"EST-260928-1; p.8; D05-MAPA-PILARES; D05-EMENDAS";PENDENTE
P8-P1;Longitudinal 1;6;16;1.578;9.468;0.8;1.2624000000000002;7.574400000000001;"EST-260928-1; p.8; D05-MAPA-PILARES; D05-EMENDAS";PENDENTE
P8-P1;Longitudinal 2;10;12;0.888;8.88;0.6;0.5327999999999999;5.327999999999999;"EST-260928-1; p.8; D05-MAPA-PILARES; D05-EMENDAS";PENDENTE
P9-COB;Longitudinal 1;16;16;1.578;25.248;0.8;1.2624000000000002;20.198400000000003;"EST-260928-1; p.8; D05-MAPA-PILARES; D05-EMENDAS";PENDENTE
P9-COB;Longitudinal 2;14;10;0.617;8.638;0.5;0.3085;4.319;"EST-260928-1; p.8; D05-MAPA-PILARES; D05-EMENDAS";PENDENTE
P10-COB;Longitudinal 1;24;16;1.578;37.872;0.8;1.2624000000000002;30.297600000000003;"EST-260928-1; p.8; D05-MAPA-PILARES; D05-EMENDAS";PENDENTE
P11-COB;Longitudinal 1;8;16;1.578;12.624;0.8;1.2624000000000002;10.099200000000002;"EST-260928-1; p.8; D05-MAPA-PILARES; D05-EMENDAS";PENDENTE
P11-COB;Longitudinal 2;12;12;0.888;10.656;0.6;0.5327999999999999;6.393599999999999;"EST-260928-1; p.8; D05-MAPA-PILARES; D05-EMENDAS";PENDENTE
